soil_moisture,temperature,humidity,label
28.46,31.28,58.45,WATER_NOW
54.04,19.85,71.97,NO_WATER
48.97,23.49,42.46,NO_WATER
52.86,22.4,69.96,NO_WATER
48.25,25.76,80.61,NO_WATER
78.73,28.1,80.37,NO_WATER
57.29,36.37,88.11,NO_WATER
30.31,34.32,64.04,WATER_SOON
81.2,21.49,93.05,NO_WATER
53.19,21.74,76.09,NO_WATER
70.34,21.34,76.07,NO_WATER
78.73,36.51,71.22,NO_WATER
6.49,20.77,73.36,WATER_SOON
66.75,33.63,63.71,WATER_SOON
12.81,32.36,80.81,WATER_NOW
79.06,29.18,48.38,NO_WATER
57.57,34.01,71.61,WATER_SOON
72.78,27.49,76.72,NO_WATER
90.4,33.23,38.46,NO_WATER
77.74,17.99,55.5,NO_WATER
34.98,32.12,46.44,WATER_SOON
61.93,33.45,77.44,NO_WATER
65.31,27.76,44.83,NO_WATER
11.52,26.14,54.03,WATER_NOW
72.8,37.3,59.51,NO_WATER
49.58,31.06,56.43,NO_WATER
44.58,24.15,87.53,NO_WATER
17.86,26.84,84.68,WATER_SOON
67.99,26.68,76.98,NO_WATER
46.81,32.1,48.62,WATER_SOON
59.69,30.72,52.76,WATER_SOON
67.28,32.41,76.88,NO_WATER
55.38,28.56,45.19,WATER_SOON
41.11,30.76,59.59,WATER_SOON
56.1,30.84,50.98,WATER_SOON
7.04,33.22,92.79,WATER_NOW
61.5,34.72,98.0,NO_WATER
72.01,19.49,83.79,NO_WATER
31.1,23.69,40.87,WATER_SOON
23.56,27.27,70.98,WATER_SOON
72.3,21.51,68.79,NO_WATER
62.51,40.2,53.46,WATER_SOON
62.06,30.09,68.77,NO_WATER
35.48,26.21,49.12,WATER_SOON
75.81,35.25,39.57,NO_WATER
22.18,30.74,46.47,WATER_SOON
10.72,22.78,32.07,WATER_NOW
42.24,26.06,67.24,WATER_SOON
27.93,33.8,42.49,WATER_NOW
75.55,21.58,74.43,NO_WATER
90.7,19.1,31.94,NO_WATER
19.43,21.73,67.86,WATER_SOON
7.69,26.98,77.18,WATER_SOON
90.88,32.07,69.18,NO_WATER
59.07,31.63,54.28,NO_WATER
14.66,34.23,87.8,WATER_NOW
89.32,26.46,64.18,NO_WATER
49.74,31.9,48.41,WATER_SOON
81.86,25.37,75.31,NO_WATER
84.1,23.91,57.34,NO_WATER
48.59,20.84,55.36,NO_WATER
46.09,25.92,71.38,NO_WATER
57.03,36.44,60.71,WATER_SOON
63.37,27.38,68.06,NO_WATER
62.2,23.17,82.18,NO_WATER
10.73,42.0,70.0,WATER_NOW
47.94,31.05,52.91,WATER_SOON
34.91,30.04,85.25,WATER_SOON
60.6,29.88,63.62,NO_WATER
61.7,25.41,98.0,NO_WATER
71.37,27.17,22.12,NO_WATER
49.41,27.13,95.22,NO_WATER
30.04,33.01,98.0,WATER_SOON
40.27,32.73,44.32,WATER_SOON
24.95,25.81,75.44,WATER_SOON
36.31,22.92,68.05,WATER_SOON
26.3,22.43,34.16,WATER_SOON
67.98,26.82,98.0,NO_WATER
8.56,31.45,33.1,WATER_NOW
33.3,24.29,45.35,WATER_SOON
48.07,23.28,38.82,NO_WATER
94.49,25.47,46.02,NO_WATER
15.21,16.45,65.57,WATER_SOON
58.64,34.09,90.03,NO_WATER
86.64,23.93,33.99,NO_WATER
36.05,29.27,67.1,WATER_SOON
17.74,26.83,64.59,WATER_NOW
84.5,35.36,62.33,NO_WATER
84.99,26.33,68.06,NO_WATER
89.15,28.5,74.24,NO_WATER
42.34,35.55,72.58,WATER_SOON
21.32,21.77,63.05,WATER_SOON
58.86,31.31,68.72,WATER_SOON
28.98,35.63,80.99,WATER_NOW
94.52,36.44,69.62,NO_WATER
32.53,27.8,63.12,WATER_SOON
85.09,31.62,65.41,NO_WATER
40.32,27.29,51.26,WATER_SOON
42.04,28.86,42.34,WATER_SOON
85.38,36.77,84.54,NO_WATER
62.53,23.2,74.35,NO_WATER
32.29,24.24,26.29,WATER_SOON
20.46,34.15,98.0,WATER_SOON
23.78,36.95,74.07,WATER_NOW
40.5,29.39,76.76,WATER_SOON
8.28,35.99,84.9,WATER_NOW
14.74,23.66,57.55,WATER_NOW
34.35,26.5,64.03,WATER_SOON
83.56,42.0,69.06,NO_WATER
22.73,34.13,72.17,WATER_NOW
27.46,24.66,50.64,WATER_SOON
55.64,31.42,94.52,NO_WATER
31.46,32.45,86.61,WATER_SOON
21.75,26.98,83.23,WATER_SOON
39.29,29.65,38.22,WATER_SOON
21.78,32.84,62.74,WATER_NOW
50.75,29.82,70.53,NO_WATER
33.66,20.7,67.26,WATER_SOON
69.97,25.95,68.69,NO_WATER
43.88,32.27,47.67,WATER_SOON
84.45,32.45,93.03,NO_WATER
13.44,35.33,67.66,WATER_NOW
19.24,27.06,73.35,WATER_SOON
65.83,26.31,55.59,NO_WATER
26.64,28.61,91.47,WATER_SOON
57.97,24.48,82.7,NO_WATER
88.54,33.52,83.93,NO_WATER
91.69,32.36,53.03,NO_WATER
58.57,26.63,42.05,NO_WATER
16.78,26.65,31.66,WATER_NOW
20.06,34.28,98.0,WATER_SOON
34.9,31.66,39.04,WATER_SOON
12.25,42.0,68.48,WATER_NOW
32.29,22.14,43.72,WATER_SOON
36.02,34.67,69.61,WATER_SOON
29.56,29.97,71.58,WATER_SOON
63.32,29.21,54.82,NO_WATER
87.66,25.76,62.03,NO_WATER
92.08,34.93,86.13,NO_WATER
25.52,19.71,65.02,NO_WATER
77.05,27.7,74.23,NO_WATER
60.83,33.85,50.75,WATER_SOON
21.54,23.85,84.93,WATER_SOON
54.56,20.71,84.7,NO_WATER
57.42,31.75,87.72,NO_WATER
65.32,23.33,70.97,NO_WATER
48.41,24.66,59.04,NO_WATER
70.68,34.76,47.7,NO_WATER
86.36,27.93,64.35,NO_WATER
24.6,27.71,80.15,WATER_SOON
64.16,33.63,71.29,NO_WATER
53.1,25.75,82.09,NO_WATER
94.38,38.96,56.69,NO_WATER
94.53,23.84,52.52,NO_WATER
86.84,30.5,69.89,NO_WATER
60.12,24.19,92.45,NO_WATER
44.6,23.67,59.28,WATER_SOON
70.18,29.81,22.66,NO_WATER
64.79,32.32,98.0,NO_WATER
7.39,33.68,98.0,WATER_NOW
62.49,24.28,53.56,NO_WATER
40.29,26.09,71.78,WATER_SOON
94.31,32.79,69.62,NO_WATER
45.07,32.64,98.0,NO_WATER
91.7,25.57,65.15,NO_WATER
74.77,26.82,91.77,NO_WATER
89.26,29.82,98.0,NO_WATER
93.16,23.83,44.69,NO_WATER
67.51,27.06,66.35,NO_WATER
40.04,34.53,60.3,WATER_SOON
64.35,28.17,44.8,NO_WATER
37.97,33.97,98.0,WATER_SOON
64.91,31.68,31.95,NO_WATER
14.54,26.8,65.33,WATER_NOW
40.44,31.17,75.22,WATER_SOON
82.28,34.29,63.92,NO_WATER
42.36,36.74,92.64,WATER_SOON
36.68,33.74,72.23,WATER_SOON
92.08,18.66,50.48,NO_WATER
10.63,27.83,66.35,WATER_NOW
5.36,23.08,70.74,WATER_NOW
78.34,22.32,88.85,NO_WATER
93.26,23.73,49.15,NO_WATER
57.12,28.59,84.03,NO_WATER
42.36,26.72,51.38,NO_WATER
68.9,31.63,48.62,NO_WATER
63.78,33.24,43.95,NO_WATER
34.5,31.63,78.91,WATER_SOON
59.99,23.13,20.0,NO_WATER
66.02,27.9,65.53,NO_WATER
64.4,28.37,53.55,NO_WATER
23.88,30.14,48.89,WATER_SOON
39.08,28.64,60.63,WATER_SOON
73.62,22.98,20.0,NO_WATER
68.86,29.62,76.33,NO_WATER
86.64,24.75,63.25,NO_WATER
31.05,28.59,57.02,WATER_SOON
84.6,31.27,68.42,NO_WATER
23.66,31.09,54.97,WATER_NOW
87.61,24.96,71.66,NO_WATER
65.62,20.37,84.8,NO_WATER
39.88,27.87,96.49,NO_WATER
6.12,34.25,90.31,WATER_NOW
44.14,25.61,71.77,NO_WATER
11.91,32.54,73.99,WATER_NOW
39.05,25.21,98.0,NO_WATER
35.62,28.25,78.14,WATER_SOON
40.87,30.37,62.99,WATER_SOON
70.23,20.46,58.96,NO_WATER
59.31,29.1,59.14,NO_WATER
6.75,31.14,87.52,WATER_NOW
22.99,31.87,27.79,WATER_NOW
78.32,26.71,60.44,NO_WATER
51.95,22.19,87.16,NO_WATER
28.16,40.68,66.89,WATER_NOW
9.42,26.46,94.23,WATER_NOW
31.72,22.96,50.19,WATER_SOON
63.65,30.55,61.44,NO_WATER
49.2,27.13,96.13,NO_WATER
73.48,34.02,41.38,NO_WATER
64.6,26.43,62.3,NO_WATER
87.38,27.83,74.06,NO_WATER
32.25,29.6,34.7,WATER_SOON
53.09,25.22,82.94,NO_WATER
83.74,27.24,54.79,NO_WATER
47.56,33.71,83.06,WATER_SOON
85.08,30.03,79.5,NO_WATER
82.33,23.71,74.21,NO_WATER
71.06,30.19,52.38,NO_WATER
90.14,34.13,50.0,NO_WATER
82.06,22.29,68.34,NO_WATER
70.14,23.38,71.24,NO_WATER
65.16,16.32,60.49,NO_WATER
84.15,26.12,51.29,NO_WATER
93.7,32.31,43.36,NO_WATER
58.2,25.09,75.98,NO_WATER
45.05,34.66,55.16,WATER_SOON
49.73,35.41,71.2,WATER_SOON
11.47,28.06,20.0,WATER_NOW
39.64,30.19,48.21,WATER_SOON
54.44,33.84,66.73,WATER_SOON
81.37,30.15,70.39,NO_WATER
23.91,23.09,62.15,WATER_SOON
47.81,31.27,50.53,WATER_SOON
63.52,26.24,60.14,NO_WATER
87.69,34.27,58.04,NO_WATER
66.89,30.93,51.11,NO_WATER
56.74,23.37,47.33,NO_WATER
71.41,29.0,80.42,NO_WATER
13.0,29.0,68.27,WATER_SOON
24.5,28.34,60.38,WATER_SOON
26.34,23.23,47.59,WATER_SOON
27.8,32.07,57.5,WATER_SOON
89.23,26.81,62.13,NO_WATER
64.05,29.13,71.67,NO_WATER
25.47,29.42,73.47,WATER_SOON
17.95,21.74,66.49,WATER_SOON
40.68,34.73,65.67,WATER_SOON
44.4,15.0,79.38,NO_WATER
14.96,22.01,30.58,WATER_SOON
82.01,28.06,51.27,NO_WATER
10.38,27.47,46.09,WATER_NOW
53.29,40.73,79.69,WATER_SOON
14.82,25.46,64.32,WATER_SOON
32.93,24.65,44.33,WATER_SOON
52.49,31.03,50.69,WATER_SOON
13.7,20.97,59.87,WATER_SOON
51.83,26.76,68.96,NO_WATER
56.02,35.38,72.55,WATER_SOON
78.8,26.94,68.48,NO_WATER
63.73,29.33,46.61,NO_WATER
78.61,30.52,47.59,NO_WATER
20.66,26.09,78.35,WATER_SOON
5.2,27.29,62.54,WATER_NOW
67.97,28.66,58.7,NO_WATER
24.43,33.63,94.95,WATER_SOON
57.66,25.38,62.2,NO_WATER
33.72,23.98,58.43,WATER_SOON
51.6,33.49,76.67,NO_WATER
14.58,30.87,60.89,WATER_NOW
69.53,33.92,38.59,NO_WATER
37.16,31.09,68.34,WATER_SOON
73.78,32.17,47.44,NO_WATER
83.69,21.18,84.1,NO_WATER
43.85,29.28,75.05,WATER_SOON
13.9,31.44,54.02,WATER_NOW
15.7,39.09,52.8,WATER_NOW
83.31,30.49,55.47,NO_WATER
82.74,27.63,37.61,NO_WATER
7.23,29.62,46.5,WATER_NOW
19.9,25.22,65.4,WATER_SOON
54.59,23.0,58.67,NO_WATER
33.13,32.93,90.69,WATER_SOON
50.8,28.54,55.1,WATER_SOON
41.87,27.53,74.01,NO_WATER
16.99,28.95,76.85,WATER_SOON
24.88,24.23,98.0,WATER_SOON
41.04,28.48,60.98,WATER_SOON
60.91,23.56,86.0,NO_WATER
25.55,29.42,79.93,WATER_SOON
85.12,25.82,79.64,NO_WATER
42.68,33.81,70.11,WATER_SOON
7.33,22.14,54.08,WATER_SOON
20.98,26.73,69.07,WATER_SOON
88.85,16.36,65.48,NO_WATER
30.9,35.98,69.46,WATER_SOON
59.85,30.48,94.09,NO_WATER
6.09,19.97,58.51,WATER_SOON
5.94,23.46,61.26,WATER_SOON
34.89,28.17,68.52,WATER_SOON
27.38,21.26,50.76,WATER_SOON
79.96,28.36,37.99,NO_WATER
47.07,19.55,53.19,NO_WATER
15.73,20.9,78.74,WATER_SOON
55.83,28.26,56.79,NO_WATER
44.27,29.62,50.24,WATER_SOON
57.3,24.17,57.41,NO_WATER
75.4,25.18,29.2,NO_WATER
14.97,30.19,55.3,WATER_NOW
62.8,23.57,58.93,NO_WATER
46.92,30.26,88.9,NO_WATER
78.57,20.85,41.66,NO_WATER
17.35,31.6,35.06,WATER_NOW
85.67,26.69,68.75,NO_WATER
18.05,28.04,51.78,WATER_NOW
26.27,33.82,96.82,WATER_SOON
23.18,34.27,20.0,WATER_NOW
45.27,30.2,52.6,WATER_SOON
58.6,31.21,86.55,NO_WATER
61.08,34.2,61.7,NO_WATER
29.68,23.43,61.77,WATER_SOON
18.43,36.03,71.18,WATER_NOW
11.29,25.29,75.34,WATER_SOON
54.79,21.41,47.16,NO_WATER
75.56,30.89,30.33,NO_WATER
92.7,37.33,70.3,NO_WATER
88.31,30.96,55.23,NO_WATER
33.54,30.73,81.22,WATER_SOON
63.24,31.32,52.94,WATER_SOON
60.54,28.45,71.05,NO_WATER
84.78,29.17,76.64,NO_WATER
67.42,34.37,72.18,NO_WATER
59.16,36.4,48.69,WATER_SOON
76.28,27.14,69.6,NO_WATER
67.46,23.25,96.12,NO_WATER
12.22,22.93,93.64,WATER_SOON
59.93,26.6,42.33,WATER_SOON
43.5,22.16,55.74,NO_WATER
7.79,27.13,77.29,WATER_NOW
17.63,27.32,55.02,WATER_NOW
73.3,34.66,41.8,NO_WATER
26.24,27.86,46.02,WATER_SOON
63.98,23.87,84.13,NO_WATER
94.53,29.23,78.38,NO_WATER
33.7,29.32,71.94,WATER_SOON
16.7,37.7,72.87,WATER_NOW
8.41,34.43,50.84,WATER_NOW
25.1,26.45,93.24,WATER_SOON
10.74,34.79,65.74,WATER_NOW
9.36,22.79,41.56,WATER_NOW
88.76,32.33,71.72,NO_WATER
89.94,32.96,73.24,NO_WATER
94.28,30.68,92.27,NO_WATER
49.82,37.53,87.61,WATER_SOON
26.62,33.76,51.17,WATER_NOW
86.94,23.42,66.03,NO_WATER
9.04,28.82,87.2,WATER_SOON
36.29,26.18,98.0,WATER_SOON
25.71,35.35,91.08,WATER_SOON
62.3,31.2,62.83,NO_WATER
40.47,36.76,63.04,WATER_SOON
89.24,34.19,50.62,NO_WATER
9.89,34.52,85.84,WATER_NOW
71.81,26.73,72.68,NO_WATER
25.56,29.8,52.57,WATER_SOON
68.0,25.16,48.99,NO_WATER
23.82,22.66,57.18,WATER_SOON
35.83,19.91,93.15,NO_WATER
69.34,23.64,63.82,NO_WATER
82.04,23.87,51.3,NO_WATER
23.28,15.0,35.61,WATER_SOON
31.59,32.72,63.28,WATER_NOW
94.71,28.98,98.0,NO_WATER
14.1,22.43,65.3,WATER_SOON
75.03,40.64,48.54,NO_WATER
42.85,31.7,83.92,WATER_SOON
59.08,26.64,73.15,NO_WATER
44.91,26.49,37.29,WATER_SOON
82.08,33.78,49.86,NO_WATER
35.98,27.28,69.09,WATER_SOON
18.95,41.37,63.64,WATER_NOW
80.2,35.34,61.68,NO_WATER
54.11,27.43,92.93,NO_WATER
76.23,31.46,57.31,NO_WATER
11.19,23.59,46.16,WATER_SOON
62.51,27.91,98.0,NO_WATER
46.89,18.66,83.91,NO_WATER
54.82,33.48,59.97,NO_WATER
86.65,21.31,62.21,NO_WATER
78.63,33.48,96.04,NO_WATER
8.9,25.74,68.41,WATER_SOON
66.37,42.0,39.25,WATER_SOON
72.16,27.22,79.72,NO_WATER
43.97,35.01,64.64,WATER_SOON
18.74,34.31,56.93,WATER_NOW
40.78,27.24,84.71,WATER_SOON
77.06,27.2,61.0,NO_WATER
33.47,31.63,72.92,WATER_SOON
75.91,21.73,77.02,NO_WATER
92.25,31.76,63.06,NO_WATER
34.09,41.31,70.19,WATER_NOW
19.51,17.63,50.31,WATER_SOON
83.73,22.25,58.56,NO_WATER
35.63,29.18,98.0,WATER_SOON
64.63,26.97,34.32,NO_WATER
42.81,29.23,38.39,WATER_SOON
13.49,31.36,66.9,WATER_NOW
76.27,19.63,75.09,NO_WATER
37.39,23.86,88.87,NO_WATER
52.24,26.15,98.0,NO_WATER
54.41,29.73,87.8,NO_WATER
46.44,37.41,64.56,WATER_SOON
17.44,28.43,66.62,WATER_NOW
75.46,26.38,56.79,NO_WATER
64.06,32.11,66.03,NO_WATER
30.07,30.31,51.35,WATER_NOW
5.35,35.98,50.02,WATER_NOW
33.3,27.81,56.13,WATER_SOON
81.65,40.09,94.63,NO_WATER
50.28,31.3,84.66,WATER_SOON
27.58,27.52,74.67,WATER_SOON
65.78,36.0,36.47,WATER_SOON
36.16,24.4,39.38,WATER_SOON
45.55,33.09,98.0,WATER_SOON
23.72,29.59,70.77,WATER_SOON
78.78,28.48,62.16,NO_WATER
19.93,34.42,87.32,WATER_SOON
82.73,26.07,50.27,NO_WATER
25.54,28.84,52.48,WATER_NOW
17.89,25.24,42.49,WATER_SOON
5.97,34.84,37.96,WATER_NOW
61.34,24.72,75.73,NO_WATER
90.77,28.53,65.05,NO_WATER
16.6,23.51,62.95,WATER_SOON
21.91,26.22,43.89,WATER_NOW
91.39,35.68,47.6,NO_WATER
85.41,22.28,71.59,NO_WATER
79.45,19.78,85.54,NO_WATER
92.59,31.61,40.16,NO_WATER
71.27,27.51,61.25,NO_WATER
60.5,30.17,63.17,NO_WATER
63.14,40.88,88.18,WATER_SOON
83.76,33.51,54.44,NO_WATER
29.68,23.89,88.61,WATER_SOON
34.51,27.16,56.86,WATER_SOON
42.05,27.41,61.53,WATER_SOON
43.51,35.28,57.95,WATER_SOON
40.07,36.16,95.56,WATER_SOON
75.8,32.01,55.57,NO_WATER
58.5,34.01,68.89,NO_WATER
81.6,30.78,67.16,NO_WATER
26.93,30.02,53.03,WATER_SOON
85.69,28.02,31.28,NO_WATER
22.68,26.4,74.94,WATER_SOON
86.89,32.68,45.42,NO_WATER
22.57,32.74,83.79,WATER_NOW
8.28,32.38,78.3,WATER_NOW
27.11,33.26,74.89,WATER_SOON
73.34,28.93,87.49,NO_WATER
28.66,29.85,68.88,WATER_SOON
34.08,22.39,84.24,NO_WATER
76.8,22.0,59.14,NO_WATER
29.02,37.79,48.1,WATER_NOW
94.42,31.33,85.6,NO_WATER
81.74,30.59,52.46,NO_WATER
35.37,35.75,49.01,WATER_NOW
47.67,31.64,72.29,WATER_SOON
18.89,33.46,48.59,WATER_NOW
28.82,28.23,84.62,WATER_SOON
54.07,32.75,84.66,WATER_SOON
36.34,23.07,50.98,WATER_SOON
30.64,28.76,70.29,WATER_SOON
50.85,32.93,92.74,WATER_SOON
82.0,22.42,67.14,NO_WATER
77.98,29.5,28.36,NO_WATER
29.68,33.15,84.07,WATER_SOON
63.17,28.56,35.52,NO_WATER
19.95,22.74,87.47,WATER_SOON
36.93,32.31,79.73,WATER_SOON
25.45,25.76,39.42,WATER_SOON
63.14,31.72,72.32,NO_WATER
20.42,30.04,67.12,WATER_NOW
54.75,20.48,80.18,NO_WATER
60.68,25.06,88.48,NO_WATER
42.6,31.71,38.09,WATER_SOON
51.36,26.01,52.66,NO_WATER
10.54,26.23,78.43,WATER_SOON
94.26,27.88,73.33,NO_WATER
29.35,38.04,48.29,WATER_NOW
39.73,32.56,90.64,WATER_SOON
21.26,22.81,65.6,WATER_SOON
59.15,25.81,53.7,NO_WATER
63.4,27.31,70.43,NO_WATER
29.61,29.66,52.12,WATER_SOON
50.79,29.49,86.93,NO_WATER
82.65,32.6,58.92,NO_WATER
49.88,29.09,65.94,NO_WATER
42.01,22.28,35.85,NO_WATER
56.41,26.13,54.3,NO_WATER
17.93,33.06,46.79,WATER_NOW
21.88,31.51,71.17,WATER_SOON
45.8,28.8,59.64,WATER_SOON
19.46,23.36,93.58,WATER_SOON
51.29,27.37,47.12,NO_WATER
38.01,32.24,65.91,WATER_SOON
19.17,33.77,98.0,WATER_NOW
20.72,31.44,75.63,WATER_NOW
12.78,23.15,69.0,WATER_SOON
43.88,29.4,57.2,WATER_SOON
23.39,19.71,65.79,WATER_SOON
77.39,31.3,70.64,NO_WATER
12.33,24.89,74.4,WATER_SOON
16.53,29.89,73.31,WATER_NOW
94.13,27.39,64.6,NO_WATER
88.1,32.48,84.56,NO_WATER
80.39,26.92,68.73,NO_WATER
86.86,32.92,54.79,NO_WATER
76.43,25.16,45.72,NO_WATER
33.85,27.68,67.66,WATER_SOON
80.73,24.62,70.93,NO_WATER
26.47,29.37,58.51,WATER_SOON
38.34,27.92,60.29,WATER_SOON
22.8,29.26,52.25,WATER_SOON
79.9,29.26,58.93,NO_WATER
51.87,24.2,89.67,NO_WATER
6.78,23.87,75.98,WATER_SOON
35.25,31.28,37.26,WATER_NOW
27.2,26.04,60.55,WATER_SOON
72.43,27.87,56.84,NO_WATER
30.08,33.19,98.0,WATER_SOON
29.41,26.5,83.9,WATER_SOON
91.27,32.73,61.63,NO_WATER
82.31,28.56,35.21,NO_WATER
73.85,24.21,98.0,NO_WATER
9.68,26.59,57.24,WATER_NOW
6.46,24.03,50.31,WATER_NOW
35.94,25.98,27.8,WATER_SOON
82.48,29.15,85.48,NO_WATER
84.64,26.2,58.81,NO_WATER
49.87,27.51,51.97,NO_WATER
92.67,24.37,65.67,NO_WATER
55.53,23.94,66.35,NO_WATER
61.98,30.01,35.13,NO_WATER
48.77,31.6,62.82,WATER_SOON
90.64,29.46,76.75,NO_WATER
28.74,32.4,56.06,WATER_SOON
74.47,35.12,87.91,NO_WATER
35.1,26.18,79.73,WATER_SOON
38.21,23.06,58.06,WATER_SOON
6.43,31.19,65.03,WATER_NOW
18.43,24.77,67.46,WATER_SOON
50.91,28.62,68.94,NO_WATER
66.24,28.46,71.5,NO_WATER
22.57,32.66,66.8,WATER_NOW
72.45,34.74,46.67,NO_WATER
66.15,27.16,73.09,NO_WATER
46.85,23.73,63.99,NO_WATER
66.7,28.69,68.2,NO_WATER
87.98,21.67,51.05,NO_WATER
43.82,25.86,68.1,NO_WATER
79.53,20.4,48.23,NO_WATER
17.07,19.82,40.66,WATER_SOON
37.79,29.21,71.99,WATER_SOON
54.42,38.41,41.33,WATER_SOON
77.18,33.94,78.87,NO_WATER
51.28,31.73,53.83,WATER_SOON
17.87,21.23,68.6,WATER_SOON
59.19,29.99,53.44,NO_WATER
68.46,41.84,62.21,WATER_SOON
11.44,28.3,47.89,WATER_NOW
47.03,29.44,68.39,WATER_SOON
76.86,31.13,25.17,NO_WATER
37.9,41.87,71.91,WATER_NOW
71.53,39.91,68.71,WATER_SOON
79.65,26.2,41.4,NO_WATER
65.12,28.71,61.55,NO_WATER
59.95,30.75,60.63,NO_WATER
60.7,36.76,98.0,NO_WATER
26.46,21.29,74.2,WATER_SOON
20.18,27.36,60.2,WATER_SOON
72.52,24.9,50.28,NO_WATER
8.24,28.01,83.58,WATER_SOON
47.44,17.26,55.77,NO_WATER
64.34,24.65,45.56,NO_WATER
33.6,33.78,60.42,WATER_SOON
76.2,24.01,36.98,NO_WATER
74.5,24.07,57.62,NO_WATER
22.29,28.4,61.45,WATER_NOW
76.65,25.13,78.08,NO_WATER
31.96,28.1,22.42,WATER_SOON
82.46,28.31,61.08,NO_WATER
46.11,32.57,45.92,WATER_SOON
69.4,36.57,76.23,NO_WATER
29.83,25.14,65.03,WATER_SOON
63.7,32.84,98.0,NO_WATER
34.01,24.53,61.88,WATER_SOON
53.27,28.59,41.7,WATER_SOON
76.15,22.56,52.19,NO_WATER
25.5,28.28,63.22,WATER_SOON
27.04,39.24,54.94,WATER_NOW
42.13,25.39,98.0,NO_WATER
24.97,22.44,96.41,WATER_SOON
48.59,42.0,83.34,WATER_SOON
71.47,15.47,60.04,NO_WATER
15.61,30.49,71.5,WATER_NOW
9.19,31.58,65.56,WATER_NOW
15.57,24.95,58.24,WATER_SOON
32.02,27.83,52.15,WATER_SOON
14.37,32.54,70.55,WATER_NOW
24.1,33.38,98.0,WATER_NOW
26.69,29.59,94.86,WATER_SOON
72.25,25.37,30.5,NO_WATER
11.15,30.81,55.62,WATER_NOW
60.76,28.43,88.27,NO_WATER
73.93,23.24,56.13,NO_WATER
34.86,31.91,62.23,WATER_SOON
93.36,35.44,58.47,NO_WATER
43.93,30.88,57.06,WATER_SOON
34.47,29.17,43.1,WATER_SOON
32.53,31.93,91.4,WATER_SOON
55.06,31.27,53.99,WATER_SOON
6.95,32.52,70.31,WATER_NOW
26.3,25.03,64.57,WATER_SOON
20.06,37.78,51.78,WATER_NOW
80.01,23.1,62.71,NO_WATER
20.58,38.74,65.29,WATER_NOW
19.0,35.72,70.79,WATER_NOW
44.26,25.57,43.85,WATER_SOON
11.73,20.94,51.39,WATER_NOW
85.73,28.37,98.0,NO_WATER
42.5,20.97,77.19,NO_WATER
93.47,27.65,74.49,NO_WATER
54.71,34.02,60.63,WATER_SOON
20.27,22.34,61.87,WATER_SOON
61.4,24.38,81.72,NO_WATER
23.92,27.54,86.46,WATER_SOON
36.32,24.59,74.76,WATER_SOON
73.49,20.99,43.1,NO_WATER
81.39,36.09,79.02,NO_WATER
17.43,27.05,46.28,WATER_NOW
16.32,35.79,57.05,WATER_NOW
28.85,29.23,67.67,WATER_SOON
92.83,31.3,98.0,NO_WATER
90.86,32.3,81.13,NO_WATER
73.4,31.11,55.69,NO_WATER
55.01,29.25,74.96,WATER_SOON
13.71,23.39,80.27,WATER_SOON
42.5,21.93,52.32,NO_WATER
8.87,33.48,72.55,WATER_NOW
81.29,30.99,61.32,NO_WATER
62.45,32.76,59.21,NO_WATER
73.83,34.11,52.11,NO_WATER
74.66,32.34,55.18,NO_WATER
13.01,30.69,82.0,WATER_NOW
56.82,21.29,72.02,NO_WATER
89.25,35.13,49.59,NO_WATER
45.62,29.3,70.27,NO_WATER
88.52,28.4,34.54,NO_WATER
14.57,19.86,70.76,WATER_SOON
5.49,30.41,26.96,WATER_NOW
50.66,28.14,50.46,WATER_SOON
43.61,24.29,41.26,WATER_SOON
83.07,25.73,82.48,NO_WATER
16.15,18.04,79.47,WATER_SOON
87.37,24.98,20.19,NO_WATER
8.75,28.19,70.5,WATER_SOON
28.93,38.54,50.76,WATER_NOW
40.56,38.42,76.97,WATER_NOW
72.47,28.78,60.22,NO_WATER
68.55,35.5,46.12,NO_WATER
18.95,23.24,82.25,WATER_SOON
47.67,32.21,57.04,WATER_SOON
63.74,26.36,70.88,NO_WATER
19.38,32.89,47.62,WATER_NOW
85.52,23.68,79.32,NO_WATER
7.05,37.07,80.07,WATER_NOW
89.83,26.33,51.3,NO_WATER
90.77,22.86,66.17,NO_WATER
79.38,32.21,50.68,NO_WATER
47.53,25.25,62.02,NO_WATER
26.82,37.42,80.95,WATER_NOW
37.14,31.57,73.38,WATER_SOON
33.99,35.95,39.75,WATER_NOW
80.53,30.5,51.4,NO_WATER
18.08,17.65,28.53,WATER_SOON
20.71,28.02,81.95,WATER_SOON
58.95,30.34,69.55,NO_WATER
20.87,27.63,41.31,WATER_SOON
16.57,22.2,61.7,WATER_SOON
33.32,26.01,59.51,WATER_SOON
34.81,32.18,53.74,WATER_SOON
46.82,34.49,60.39,WATER_SOON
83.05,28.25,41.38,NO_WATER
16.7,34.41,75.04,WATER_NOW
47.61,23.98,38.85,WATER_SOON
54.77,26.58,64.97,NO_WATER
19.18,30.35,62.04,WATER_NOW
41.9,32.11,61.78,WATER_SOON
21.99,36.22,50.99,WATER_NOW
63.49,32.52,66.81,NO_WATER
27.24,32.49,81.57,WATER_SOON
63.87,23.98,78.95,NO_WATER
42.02,21.72,21.32,WATER_SOON
45.94,22.12,63.63,WATER_SOON
22.84,31.82,61.02,WATER_SOON
39.1,32.64,65.91,WATER_SOON
76.53,29.89,80.49,NO_WATER
48.74,34.39,58.77,WATER_SOON
43.42,30.13,47.76,WATER_SOON
91.06,23.95,32.52,NO_WATER
71.07,29.06,92.68,NO_WATER
92.31,26.6,60.11,NO_WATER
73.0,29.11,66.52,NO_WATER
49.6,31.69,70.12,NO_WATER
38.68,27.63,88.04,WATER_SOON
87.42,23.79,74.53,NO_WATER
48.2,29.07,72.94,WATER_SOON
60.04,21.77,67.51,NO_WATER
40.24,36.7,82.4,WATER_SOON
30.7,23.79,96.05,NO_WATER
71.13,25.56,77.27,NO_WATER
48.46,29.21,73.0,NO_WATER
70.17,37.98,56.95,NO_WATER
10.26,15.38,69.11,WATER_SOON
51.68,20.79,53.59,NO_WATER
8.64,26.14,45.37,WATER_NOW
57.13,26.26,57.44,NO_WATER
28.34,29.3,66.25,WATER_SOON
50.03,25.21,70.99,NO_WATER
30.03,28.05,78.46,WATER_SOON
24.96,30.84,46.59,WATER_NOW
48.3,33.54,69.3,WATER_SOON
7.61,32.72,54.41,WATER_NOW
74.22,25.38,76.92,NO_WATER
7.2,32.34,45.07,WATER_NOW
81.75,23.26,61.03,NO_WATER
69.0,27.87,51.7,NO_WATER
16.61,27.55,98.0,WATER_SOON
52.52,35.26,58.25,WATER_SOON
81.96,31.35,67.74,NO_WATER
22.73,21.99,80.16,WATER_SOON
52.61,24.77,69.39,NO_WATER
47.21,32.1,26.33,WATER_SOON
7.23,30.58,50.39,WATER_NOW
36.97,26.93,67.69,WATER_SOON
22.91,32.27,96.81,WATER_SOON
43.81,33.56,50.23,WATER_SOON
87.2,34.25,93.55,NO_WATER
59.76,34.37,85.97,NO_WATER
63.48,35.01,83.8,NO_WATER
50.06,31.63,93.77,NO_WATER
88.14,23.96,77.99,NO_WATER
51.1,35.9,78.29,WATER_SOON
55.47,31.84,77.09,NO_WATER
19.44,25.17,66.89,WATER_SOON
90.26,25.61,75.46,NO_WATER
93.65,24.11,68.72,NO_WATER
15.96,23.58,52.67,WATER_SOON
50.69,27.75,58.76,NO_WATER
75.47,27.95,68.45,NO_WATER
77.13,24.22,22.59,NO_WATER
84.13,21.9,64.92,NO_WATER
91.79,38.31,70.15,NO_WATER
44.11,30.54,82.73,WATER_SOON
94.87,30.05,63.14,NO_WATER
79.27,27.26,56.1,NO_WATER
46.02,28.0,72.65,WATER_SOON
83.22,20.8,60.94,NO_WATER
19.26,30.43,88.37,WATER_NOW
13.35,21.39,58.43,WATER_SOON
33.77,32.95,98.0,WATER_SOON
14.03,22.39,63.97,WATER_SOON
28.17,26.7,69.94,WATER_SOON
64.58,32.66,91.46,NO_WATER
56.44,32.14,81.04,NO_WATER
49.24,29.49,72.17,NO_WATER
42.64,27.68,78.51,WATER_SOON
49.71,27.83,61.11,NO_WATER
84.52,24.92,61.97,NO_WATER
34.48,34.67,46.68,WATER_NOW
63.42,22.77,50.62,NO_WATER
13.49,28.07,72.94,WATER_SOON
39.42,24.1,36.62,WATER_SOON
69.97,29.32,66.31,NO_WATER
50.41,26.2,71.61,NO_WATER
78.32,27.23,39.58,NO_WATER
23.23,22.48,50.08,WATER_SOON
57.17,21.19,60.33,NO_WATER
29.5,36.63,67.87,WATER_NOW
35.96,39.2,65.42,WATER_NOW
66.47,37.53,56.81,WATER_SOON
13.46,22.51,73.34,WATER_SOON
66.61,28.28,77.66,NO_WATER
45.14,26.59,59.32,WATER_SOON
48.15,22.69,74.81,NO_WATER
34.02,29.32,63.38,WATER_SOON
94.02,22.73,36.21,NO_WATER
87.56,37.11,51.47,NO_WATER
69.05,26.11,82.95,NO_WATER
32.97,25.4,89.07,WATER_SOON
10.07,31.96,40.63,WATER_NOW
55.09,18.77,64.47,NO_WATER
41.43,41.1,98.0,WATER_SOON
70.91,25.49,86.49,NO_WATER
9.84,32.11,98.0,WATER_NOW
38.15,41.76,79.42,WATER_NOW
73.77,38.18,74.33,NO_WATER
93.39,35.45,87.49,NO_WATER
21.91,28.67,74.9,WATER_SOON
9.77,28.13,66.94,WATER_NOW
62.34,26.04,50.12,NO_WATER
23.69,30.03,76.85,WATER_SOON
72.37,28.69,75.3,NO_WATER
81.19,23.35,98.0,NO_WATER
46.37,32.24,25.8,WATER_SOON
26.73,22.83,84.66,NO_WATER
73.83,30.67,61.73,NO_WATER
52.28,36.24,78.5,WATER_SOON
72.15,25.94,98.0,NO_WATER
64.96,29.34,86.03,NO_WATER
75.65,21.97,61.79,NO_WATER
27.55,26.45,54.01,WATER_SOON
23.35,23.58,65.54,WATER_SOON
18.71,19.96,72.45,WATER_SOON
55.28,27.37,67.54,NO_WATER
14.07,28.02,63.37,WATER_SOON
27.25,23.1,38.74,WATER_SOON
82.77,37.16,75.91,NO_WATER
93.01,28.66,81.77,NO_WATER
44.3,25.54,52.65,WATER_SOON
65.16,24.23,89.33,NO_WATER
50.52,31.31,66.74,NO_WATER
5.22,29.73,55.04,WATER_NOW
8.59,32.37,51.21,WATER_NOW
29.63,26.96,49.79,WATER_SOON
87.69,31.55,74.94,NO_WATER
13.92,39.47,87.9,WATER_NOW
64.04,30.53,93.35,NO_WATER
68.89,27.27,68.32,NO_WATER
18.36,36.2,77.48,WATER_NOW
55.57,34.24,59.57,WATER_SOON
10.95,34.2,60.16,WATER_NOW
67.83,23.27,67.17,NO_WATER
82.77,25.32,62.63,NO_WATER
85.71,35.85,82.15,NO_WATER
94.79,21.35,54.67,NO_WATER
51.04,36.85,98.0,WATER_SOON
57.84,36.1,92.42,WATER_SOON
18.66,20.86,33.42,WATER_SOON
83.1,41.23,65.18,NO_WATER
12.27,23.1,94.04,WATER_SOON
65.41,28.37,51.46,NO_WATER
54.84,34.22,42.45,WATER_SOON
39.56,34.46,57.21,WATER_SOON
74.82,25.85,71.55,NO_WATER
57.9,31.86,68.76,NO_WATER
52.23,22.56,76.31,NO_WATER
23.22,29.68,85.56,WATER_SOON
20.41,23.61,61.03,WATER_SOON
37.47,28.07,74.86,WATER_SOON
46.6,30.24,79.17,NO_WATER
73.12,28.59,56.93,NO_WATER
63.31,29.7,68.73,NO_WATER
87.37,28.6,43.19,NO_WATER
25.96,28.29,91.08,WATER_SOON
43.26,32.07,52.86,WATER_SOON
60.88,31.37,67.61,NO_WATER
32.8,28.05,49.92,WATER_SOON
75.12,28.51,52.37,NO_WATER
82.72,29.36,54.38,NO_WATER
8.79,28.67,83.8,WATER_SOON
18.82,28.96,84.37,WATER_SOON
66.73,26.04,59.96,NO_WATER
44.0,28.1,71.45,NO_WATER
69.5,32.53,75.97,NO_WATER
85.65,29.23,20.0,NO_WATER
64.41,24.55,40.37,NO_WATER
35.89,25.62,79.88,WATER_SOON
10.87,26.1,60.51,WATER_SOON
91.07,26.91,68.65,NO_WATER
56.08,37.65,56.92,WATER_SOON
16.62,27.4,95.21,WATER_SOON
65.38,34.63,53.56,NO_WATER
13.3,26.92,84.6,WATER_SOON
24.38,28.41,48.53,WATER_NOW
27.18,20.75,60.57,WATER_SOON
57.07,33.16,55.98,WATER_SOON
82.37,37.32,65.3,NO_WATER
68.34,25.82,50.21,NO_WATER
75.25,16.5,66.79,NO_WATER
94.6,24.88,39.04,NO_WATER
68.45,29.07,45.82,NO_WATER
64.0,24.82,93.34,NO_WATER
64.69,34.4,80.86,WATER_SOON
42.67,34.63,59.83,WATER_SOON
27.14,27.38,56.75,WATER_SOON
19.82,25.71,74.93,WATER_SOON
49.81,22.68,56.21,NO_WATER
63.32,26.1,70.53,NO_WATER
19.91,24.93,66.4,WATER_SOON
88.02,28.88,61.2,NO_WATER
22.84,26.85,64.89,WATER_SOON
47.68,20.08,74.85,NO_WATER
35.19,27.78,58.81,WATER_SOON
39.62,31.43,53.29,WATER_SOON
42.23,24.4,87.4,NO_WATER
20.56,24.45,60.52,WATER_SOON
60.37,35.67,81.35,NO_WATER
37.71,28.09,89.82,NO_WATER
30.03,37.68,77.97,WATER_SOON
94.73,27.49,80.81,NO_WATER
79.62,28.94,39.57,NO_WATER
57.56,30.65,65.38,WATER_SOON
60.67,23.08,62.19,NO_WATER
46.94,28.96,56.86,WATER_SOON
83.07,25.49,56.3,NO_WATER
64.55,26.33,73.92,NO_WATER
17.04,23.11,56.15,WATER_SOON
20.87,29.71,50.9,WATER_NOW
51.73,27.66,71.63,NO_WATER
24.04,23.97,70.1,WATER_SOON
54.97,25.57,36.13,NO_WATER
76.93,34.77,82.29,NO_WATER
60.47,19.67,52.53,NO_WATER
39.07,30.26,56.23,WATER_SOON
27.3,26.59,35.41,WATER_SOON
70.82,30.72,72.0,NO_WATER
49.79,28.95,54.14,WATER_SOON
66.68,30.08,57.38,NO_WATER
10.52,32.02,98.0,WATER_NOW
10.19,33.27,54.76,WATER_NOW
45.02,21.78,85.83,NO_WATER
85.62,29.06,59.97,NO_WATER
22.1,28.67,59.63,WATER_NOW
76.55,26.35,64.97,NO_WATER
28.16,26.44,65.52,WATER_SOON
88.24,37.82,31.58,NO_WATER
77.67,23.03,83.07,NO_WATER
44.04,29.36,52.33,WATER_SOON
81.16,33.12,62.11,NO_WATER
77.95,22.07,41.59,NO_WATER
49.49,35.76,73.19,WATER_SOON
34.0,26.26,75.65,WATER_SOON
8.68,22.22,37.85,WATER_NOW
41.38,29.04,65.18,WATER_SOON
5.49,30.02,64.84,WATER_NOW
9.99,30.37,65.16,WATER_NOW
56.65,20.63,84.52,NO_WATER
13.58,15.74,40.62,WATER_SOON
60.29,30.45,88.96,NO_WATER
16.15,27.13,51.26,WATER_SOON
20.06,36.97,72.93,WATER_NOW
80.3,17.22,74.25,NO_WATER
75.46,28.21,53.98,NO_WATER
66.55,34.83,87.95,NO_WATER
77.16,35.68,78.78,NO_WATER
84.48,23.71,51.96,NO_WATER
54.95,28.4,46.24,WATER_SOON
31.4,23.38,69.88,WATER_SOON
24.01,33.18,80.02,WATER_SOON
14.81,21.51,55.1,WATER_SOON
42.25,27.03,89.64,NO_WATER
79.89,25.19,80.94,NO_WATER
8.51,32.62,42.34,WATER_NOW
41.44,29.33,72.83,WATER_SOON
93.61,24.64,61.81,NO_WATER
11.04,26.99,98.0,WATER_SOON
16.81,34.46,75.43,WATER_NOW
85.84,25.2,78.64,NO_WATER
92.01,24.92,69.9,NO_WATER
25.3,37.73,65.81,WATER_NOW
27.01,32.95,98.0,WATER_SOON
40.12,32.64,81.52,WATER_SOON
64.29,34.37,66.78,NO_WATER
19.71,32.93,61.33,WATER_NOW
76.99,23.98,59.32,NO_WATER
72.07,32.03,91.55,NO_WATER
81.35,31.97,74.63,NO_WATER
9.8,32.68,62.38,WATER_NOW
88.49,25.94,87.99,NO_WATER
63.4,36.12,22.04,WATER_SOON
40.77,28.38,74.92,WATER_SOON
9.58,27.25,64.54,WATER_NOW
69.25,20.29,44.82,NO_WATER
34.02,26.74,66.21,WATER_SOON
47.32,30.99,52.25,WATER_SOON
31.33,27.56,95.36,WATER_SOON
45.44,29.61,65.36,WATER_SOON
79.76,18.96,77.29,NO_WATER
24.63,25.58,28.59,WATER_SOON
87.61,27.92,56.02,NO_WATER
56.27,34.27,59.08,WATER_SOON
31.39,29.09,57.34,WATER_SOON
30.5,33.21,87.18,WATER_SOON
27.03,30.24,72.23,WATER_SOON
64.87,31.88,57.98,NO_WATER
60.81,37.69,85.28,NO_WATER
30.47,36.04,40.21,WATER_NOW
94.38,27.4,54.56,NO_WATER
65.95,20.48,51.24,NO_WATER
73.19,29.36,69.79,NO_WATER
68.4,27.98,54.98,NO_WATER
93.04,38.78,85.91,NO_WATER
32.32,33.42,46.53,WATER_SOON
34.7,27.86,44.55,WATER_SOON
5.08,27.61,62.75,WATER_NOW
68.44,35.25,44.21,NO_WATER
19.56,25.26,71.14,WATER_SOON
34.72,28.3,37.76,WATER_SOON
46.33,36.96,63.02,WATER_SOON
81.55,25.56,70.22,NO_WATER
6.39,25.03,74.14,WATER_SOON
21.45,35.55,86.06,WATER_SOON
17.87,33.87,88.65,WATER_NOW
51.97,27.33,59.73,NO_WATER
16.07,25.81,57.34,WATER_SOON
21.48,31.89,76.83,WATER_NOW
63.42,33.82,45.93,NO_WATER
62.12,27.78,51.8,NO_WATER
51.14,27.76,53.68,NO_WATER
89.4,15.0,68.28,NO_WATER
55.51,34.91,54.37,WATER_SOON
26.73,33.66,86.05,WATER_SOON
78.45,28.04,77.46,NO_WATER
74.02,29.97,64.88,NO_WATER
75.38,29.73,40.82,NO_WATER
91.42,22.12,60.64,NO_WATER
60.79,23.45,66.91,NO_WATER
61.34,24.8,58.81,NO_WATER
35.57,29.9,61.8,WATER_SOON
62.23,21.99,84.32,NO_WATER
55.48,22.85,67.47,NO_WATER
58.3,31.72,80.68,NO_WATER
43.97,31.08,89.85,NO_WATER
73.82,35.91,38.28,NO_WATER
32.22,23.85,52.15,WATER_SOON
46.73,24.62,59.51,NO_WATER
14.13,28.65,72.74,WATER_SOON
67.42,28.41,63.71,NO_WATER
67.28,31.86,57.39,NO_WATER
66.29,32.52,20.0,WATER_SOON
66.41,28.86,41.91,NO_WATER
60.59,33.32,48.54,NO_WATER
27.65,28.81,57.44,WATER_SOON
6.06,21.56,54.84,WATER_SOON
52.68,27.39,23.97,WATER_SOON
13.56,25.26,66.54,WATER_SOON
43.06,30.22,52.32,WATER_SOON
71.58,32.37,49.56,NO_WATER
88.33,31.31,86.16,NO_WATER
60.22,30.0,80.75,NO_WATER
52.82,30.27,51.28,WATER_SOON
64.35,27.36,55.3,NO_WATER
73.05,26.01,98.0,NO_WATER
60.29,26.1,90.2,NO_WATER
12.52,28.1,64.11,WATER_NOW
14.27,33.22,53.92,WATER_NOW
5.83,27.75,89.02,WATER_NOW
9.43,18.7,68.21,WATER_SOON
62.56,39.42,63.36,WATER_SOON
45.61,27.45,68.52,NO_WATER
83.74,34.6,79.42,NO_WATER
13.27,25.04,72.9,WATER_SOON
90.06,29.59,50.87,NO_WATER
19.71,26.84,70.39,WATER_SOON
42.22,28.69,73.14,WATER_SOON
21.91,38.86,93.55,WATER_NOW
41.77,28.9,55.31,WATER_SOON
12.3,28.17,95.78,WATER_SOON
65.71,23.26,43.37,NO_WATER
83.08,27.79,79.67,NO_WATER
85.32,32.98,47.39,NO_WATER
59.65,32.82,98.0,NO_WATER
36.79,30.03,54.2,WATER_SOON
87.44,31.06,40.46,NO_WATER
32.19,35.33,98.0,WATER_SOON
66.36,30.13,89.35,NO_WATER
57.76,32.03,67.5,NO_WATER
55.79,26.91,76.65,NO_WATER
18.32,26.94,53.29,WATER_SOON
13.92,28.77,44.4,WATER_SOON
43.62,33.61,75.3,WATER_SOON
94.9,28.85,27.04,NO_WATER
7.36,27.99,71.77,WATER_NOW
43.29,20.53,98.0,NO_WATER
42.09,27.56,57.27,WATER_SOON
52.87,37.87,43.84,WATER_SOON
85.96,37.64,55.47,NO_WATER
50.9,25.54,88.28,NO_WATER
6.24,23.23,68.72,WATER_SOON
51.88,30.37,71.08,NO_WATER
32.24,37.48,81.71,WATER_SOON
75.44,36.05,60.65,NO_WATER
60.37,29.7,88.51,NO_WATER
83.9,27.68,91.48,NO_WATER
57.88,26.43,62.59,NO_WATER
30.95,35.83,60.39,WATER_NOW
38.25,22.38,86.51,NO_WATER
92.68,32.82,20.0,NO_WATER
22.37,39.49,95.5,WATER_NOW
77.54,35.55,88.23,NO_WATER
43.41,26.76,75.7,NO_WATER
74.53,24.78,78.24,NO_WATER
10.19,28.79,87.38,WATER_SOON
6.9,27.58,20.0,WATER_NOW
13.24,25.01,48.21,WATER_NOW
5.1,28.32,69.63,WATER_NOW
47.83,32.1,52.83,WATER_SOON
70.11,24.92,54.33,NO_WATER
65.73,26.91,86.01,NO_WATER
18.44,34.95,42.48,WATER_NOW
51.43,22.85,42.51,NO_WATER
89.72,31.82,51.01,NO_WATER
90.76,33.85,55.45,NO_WATER
20.75,34.81,78.7,WATER_NOW
10.18,23.5,96.4,WATER_SOON
5.66,29.98,62.33,WATER_NOW
29.33,26.36,42.12,WATER_NOW
15.66,32.95,98.0,WATER_NOW
29.56,23.21,69.32,WATER_SOON
60.72,32.74,29.8,WATER_SOON
19.84,24.85,66.45,WATER_SOON
33.43,28.7,63.97,WATER_SOON
89.96,15.42,63.59,NO_WATER
66.81,29.04,63.95,NO_WATER
92.8,19.97,53.52,NO_WATER
27.24,30.56,59.03,WATER_SOON
10.45,27.82,61.79,WATER_NOW
13.57,34.9,63.99,WATER_NOW
72.91,32.22,70.7,NO_WATER
18.82,17.33,67.45,WATER_SOON
42.66,27.83,73.51,WATER_SOON
20.12,36.46,43.92,WATER_NOW
68.86,37.8,50.19,WATER_SOON
5.44,26.13,61.13,WATER_NOW
24.02,33.62,54.79,WATER_NOW
72.03,38.99,84.93,NO_WATER
59.07,26.63,44.49,NO_WATER
79.51,15.85,50.08,NO_WATER
11.75,28.05,82.57,WATER_SOON
22.33,36.13,43.81,WATER_NOW
86.77,36.97,88.5,NO_WATER
90.85,26.75,41.3,NO_WATER
73.59,28.39,70.98,NO_WATER
21.97,32.44,68.68,WATER_NOW
11.31,24.79,52.18,WATER_NOW
57.22,27.09,65.25,NO_WATER
90.78,28.05,50.71,NO_WATER
35.94,30.14,52.62,WATER_SOON
7.67,21.78,67.27,WATER_SOON
70.8,22.02,77.4,NO_WATER
91.45,35.18,68.13,NO_WATER
48.33,25.84,70.97,WATER_SOON
29.72,35.1,70.42,WATER_NOW
86.23,29.88,71.06,NO_WATER
79.54,24.8,69.34,NO_WATER
15.75,35.54,71.13,WATER_NOW
60.35,26.01,73.18,NO_WATER
73.09,25.25,76.31,NO_WATER
36.7,27.33,72.04,NO_WATER
88.57,26.47,74.14,NO_WATER
43.91,25.53,89.74,WATER_SOON
7.76,24.07,57.61,WATER_SOON
81.0,31.5,69.98,NO_WATER
59.97,18.91,31.0,NO_WATER
63.81,30.9,98.0,NO_WATER
92.79,19.02,40.01,NO_WATER
92.44,34.29,72.87,NO_WATER
94.21,24.64,90.44,NO_WATER
9.33,29.38,55.55,WATER_NOW
93.82,28.98,74.78,NO_WATER
57.74,27.31,85.37,NO_WATER
15.07,22.89,61.67,WATER_SOON
18.12,29.14,98.0,WATER_SOON
94.98,22.09,54.49,NO_WATER
94.26,31.57,98.0,NO_WATER
21.81,24.65,25.71,WATER_SOON
68.37,27.07,92.95,NO_WATER
61.12,28.55,66.22,NO_WATER
26.09,24.99,93.66,WATER_SOON
85.03,25.69,98.0,NO_WATER
61.34,27.83,74.87,NO_WATER
37.43,29.29,96.61,NO_WATER
21.0,27.08,63.93,WATER_SOON
73.67,33.44,63.77,NO_WATER
27.48,32.72,62.3,WATER_SOON
84.4,28.78,98.0,NO_WATER
25.93,26.61,48.4,WATER_SOON
40.65,25.35,91.94,NO_WATER
11.42,20.57,60.83,WATER_SOON
41.01,31.56,74.53,WATER_SOON
10.31,33.27,93.21,WATER_NOW
17.69,27.72,56.68,WATER_SOON
82.63,24.42,60.66,NO_WATER
63.96,26.84,70.81,NO_WATER
66.32,26.12,75.4,NO_WATER
74.55,30.67,90.91,NO_WATER
29.38,33.67,78.02,WATER_SOON
27.83,31.19,63.15,WATER_SOON
65.57,27.42,73.31,NO_WATER
27.54,22.47,55.42,WATER_SOON
72.07,36.85,67.4,NO_WATER
12.63,25.15,63.75,WATER_SOON
19.42,29.78,74.39,WATER_NOW
5.09,29.04,45.5,WATER_NOW
27.79,25.77,63.62,WATER_SOON
76.84,29.0,70.71,NO_WATER
51.74,29.75,82.1,NO_WATER
60.15,33.88,68.3,NO_WATER
16.15,25.69,90.15,WATER_SOON
46.02,42.0,91.08,WATER_SOON
72.71,22.93,98.0,NO_WATER
33.63,30.04,60.69,WATER_SOON
13.47,32.2,66.79,WATER_NOW
45.49,34.46,54.4,WATER_SOON
68.85,21.71,29.29,NO_WATER
22.98,30.96,70.08,WATER_SOON
62.95,22.6,80.73,NO_WATER
76.17,21.09,45.48,NO_WATER
15.63,22.7,91.63,WATER_SOON
12.46,29.51,49.83,WATER_NOW
31.2,26.75,98.0,WATER_SOON
9.41,29.82,63.93,WATER_NOW
41.21,26.45,53.37,NO_WATER
43.51,32.35,56.22,WATER_SOON
72.11,33.28,75.04,NO_WATER
11.74,30.07,94.51,WATER_SOON
69.56,40.37,82.26,NO_WATER
17.89,27.94,61.26,WATER_SOON
19.49,27.38,82.66,WATER_SOON
57.7,31.49,67.46,NO_WATER
29.52,28.24,64.24,WATER_SOON
55.58,35.26,52.94,WATER_SOON
26.39,21.72,79.61,WATER_SOON
77.09,36.43,79.23,NO_WATER
12.64,32.9,57.2,WATER_NOW
10.76,34.95,60.93,WATER_NOW
25.4,38.62,31.71,WATER_NOW
20.51,26.56,83.39,WATER_SOON
17.83,34.76,76.84,WATER_NOW
5.36,21.97,61.91,WATER_NOW
42.73,25.07,83.42,NO_WATER
73.63,32.83,73.52,NO_WATER
7.78,24.22,65.65,WATER_NOW
79.73,27.46,76.83,NO_WATER
81.69,30.69,55.16,NO_WATER
74.74,34.08,64.84,NO_WATER
57.28,29.95,61.34,NO_WATER
71.01,19.44,82.95,NO_WATER
92.46,26.76,39.23,NO_WATER
80.3,26.65,20.0,NO_WATER
70.65,36.92,81.68,NO_WATER
25.55,25.38,58.37,WATER_SOON
43.7,29.97,67.29,WATER_SOON
72.8,23.62,75.72,NO_WATER
34.28,29.32,85.21,WATER_SOON
40.14,21.64,58.73,NO_WATER
85.56,28.03,80.22,NO_WATER
72.21,25.34,42.03,NO_WATER
38.63,35.44,57.69,WATER_NOW
64.3,24.79,98.0,NO_WATER
31.81,24.35,89.47,NO_WATER
72.6,24.06,60.23,NO_WATER
49.82,21.88,75.14,NO_WATER
91.51,29.01,98.0,NO_WATER
72.31,26.39,92.47,NO_WATER
17.47,25.84,79.81,WATER_SOON
53.53,36.26,60.26,WATER_SOON
24.73,32.18,76.2,WATER_SOON
32.76,29.5,53.16,WATER_SOON
60.22,26.12,36.16,NO_WATER
67.48,32.98,54.53,NO_WATER
58.82,24.4,65.8,NO_WATER
20.16,23.3,90.05,WATER_SOON
34.83,30.8,56.9,WATER_SOON
26.05,23.19,33.48,WATER_SOON
42.2,27.87,30.56,WATER_SOON
78.13,24.26,43.0,NO_WATER
87.47,30.44,77.27,NO_WATER
8.35,30.05,54.36,WATER_NOW
81.9,27.09,98.0,NO_WATER
66.12,28.87,73.62,NO_WATER
9.26,27.13,33.66,WATER_NOW
56.29,25.87,57.36,NO_WATER
88.63,25.03,78.77,NO_WATER
57.72,26.27,71.55,NO_WATER
64.2,23.77,67.51,NO_WATER
35.61,27.45,35.46,WATER_SOON
79.36,22.2,69.99,NO_WATER
73.43,34.05,68.96,NO_WATER
57.13,29.02,50.3,NO_WATER
75.55,19.31,60.77,NO_WATER
30.11,27.17,87.44,WATER_SOON
78.07,15.79,52.07,NO_WATER
39.92,25.32,77.19,NO_WATER
59.56,39.08,36.41,WATER_SOON
91.19,26.39,74.03,NO_WATER
71.01,27.88,40.19,NO_WATER
56.47,23.69,22.12,NO_WATER
54.86,30.56,86.64,WATER_SOON
11.47,31.52,86.58,WATER_NOW
78.04,34.18,86.92,NO_WATER
39.32,21.94,72.37,NO_WATER
6.84,32.99,58.28,WATER_NOW
76.58,24.19,61.14,NO_WATER
45.85,31.19,70.11,WATER_SOON
60.45,33.97,47.19,NO_WATER
65.67,34.19,53.85,NO_WATER
5.15,28.34,64.97,WATER_NOW
46.27,33.88,86.58,WATER_SOON
46.6,24.85,77.01,NO_WATER
42.06,24.78,39.89,NO_WATER
93.27,31.8,71.64,NO_WATER
70.27,38.83,91.96,NO_WATER
6.27,29.66,52.64,WATER_NOW
47.47,26.12,52.95,NO_WATER
9.27,34.19,44.26,WATER_NOW
47.0,33.49,66.31,WATER_SOON
86.61,35.76,82.18,NO_WATER
25.28,26.5,45.35,WATER_SOON
91.37,26.71,84.83,NO_WATER
52.85,28.91,68.57,WATER_SOON
34.63,31.17,95.97,WATER_SOON
41.78,33.55,59.82,WATER_SOON
61.79,27.09,76.75,NO_WATER
86.19,29.48,54.33,NO_WATER
13.16,21.01,74.21,WATER_SOON
55.75,31.78,65.23,WATER_SOON
46.73,31.47,50.48,WATER_SOON
10.65,29.15,20.13,WATER_NOW
58.13,29.57,95.35,NO_WATER
6.08,32.57,61.42,WATER_NOW
49.03,32.1,72.53,WATER_SOON
81.9,29.68,53.98,NO_WATER
18.84,24.36,72.5,WATER_SOON
15.27,36.29,77.23,WATER_NOW
21.78,37.67,44.8,WATER_NOW
46.64,29.11,73.07,WATER_SOON
84.02,18.85,64.84,NO_WATER
57.33,19.42,66.92,NO_WATER
21.71,19.61,92.74,WATER_SOON
77.5,31.93,93.95,NO_WATER
81.26,28.55,58.14,NO_WATER
42.05,36.96,71.23,WATER_SOON
17.95,30.77,85.24,WATER_NOW
89.23,24.84,65.78,NO_WATER
93.51,33.75,58.33,NO_WATER
71.75,29.04,56.76,NO_WATER
90.61,30.21,51.22,NO_WATER
44.42,24.93,65.56,WATER_SOON
64.84,26.3,70.07,NO_WATER
67.71,33.88,67.4,NO_WATER
25.36,23.35,98.0,WATER_SOON
56.37,37.97,83.81,WATER_SOON
12.77,32.82,33.52,WATER_NOW
55.11,26.56,28.0,NO_WATER
41.77,21.79,88.74,NO_WATER
90.49,25.81,33.91,NO_WATER
28.94,30.5,55.7,WATER_SOON
77.17,28.41,86.8,NO_WATER
84.15,32.34,71.37,NO_WATER
49.72,27.41,64.42,WATER_SOON
7.54,33.05,59.07,WATER_NOW
45.34,36.74,35.33,WATER_SOON
64.4,28.68,52.47,NO_WATER
47.4,22.98,69.71,NO_WATER
10.16,27.15,65.18,WATER_NOW
82.04,28.09,30.03,NO_WATER
33.25,29.81,63.86,WATER_SOON
42.96,28.02,71.89,WATER_SOON
24.47,24.81,59.81,WATER_SOON
32.52,21.51,63.46,WATER_SOON
14.85,33.12,62.03,WATER_NOW
70.85,27.78,70.01,NO_WATER
19.35,18.94,71.15,WATER_SOON
75.48,29.78,83.6,NO_WATER
20.47,27.21,89.4,WATER_SOON
8.81,23.23,48.47,WATER_NOW
23.02,32.32,88.85,WATER_SOON
75.05,31.83,45.27,NO_WATER
12.99,23.42,40.41,WATER_NOW
53.46,19.11,35.6,NO_WATER
24.24,20.66,65.17,WATER_SOON
39.61,26.38,26.46,WATER_SOON
8.5,42.0,56.07,WATER_NOW
30.54,29.67,78.62,WATER_SOON
94.02,27.63,65.03,NO_WATER
31.14,27.82,92.75,WATER_SOON
7.89,16.89,88.96,WATER_SOON
43.82,29.45,33.5,WATER_SOON
94.59,31.11,52.3,NO_WATER
94.95,31.35,55.34,NO_WATER
72.21,26.94,63.09,NO_WATER
62.81,26.64,98.0,NO_WATER
8.49,35.08,91.1,WATER_NOW
86.01,28.3,60.68,NO_WATER
11.33,26.06,23.59,WATER_NOW
58.44,27.68,98.0,NO_WATER
84.05,28.77,56.26,NO_WATER
44.53,29.77,74.98,WATER_SOON
11.06,31.02,96.38,WATER_SOON
84.39,28.34,38.84,NO_WATER
83.72,22.52,87.2,NO_WATER
23.05,25.37,95.3,WATER_SOON
40.78,17.99,53.15,NO_WATER
20.7,29.09,96.61,WATER_SOON
45.59,26.78,61.68,WATER_SOON
11.27,31.66,58.63,WATER_NOW
14.45,29.17,41.04,WATER_NOW
91.79,31.19,61.11,NO_WATER
33.11,27.8,75.34,WATER_SOON
83.83,29.88,69.18,NO_WATER
69.82,24.97,61.47,NO_WATER
63.68,27.06,74.45,NO_WATER
31.22,29.39,71.86,WATER_SOON
67.0,32.68,83.81,NO_WATER
73.1,21.95,46.82,NO_WATER
68.9,28.16,81.84,NO_WATER
46.67,31.6,56.58,NO_WATER
20.48,25.53,50.68,WATER_NOW
74.34,30.47,62.64,NO_WATER
59.92,29.95,43.47,WATER_SOON
63.76,19.25,61.46,NO_WATER
90.7,31.3,63.68,NO_WATER
42.55,36.94,91.77,WATER_SOON
17.31,34.76,95.85,WATER_SOON
52.09,37.5,72.9,WATER_SOON
91.34,38.43,62.71,NO_WATER
8.81,21.95,56.03,WATER_SOON
48.13,30.51,94.0,NO_WATER
9.1,28.66,47.63,WATER_NOW
23.19,36.73,65.85,WATER_NOW
52.35,32.04,74.42,NO_WATER
89.56,36.1,20.73,NO_WATER
61.73,32.9,56.67,NO_WATER
71.81,36.87,80.26,NO_WATER
48.51,23.95,51.47,NO_WATER
51.82,23.92,50.09,NO_WATER
16.16,28.37,61.63,WATER_NOW
47.16,29.16,75.51,NO_WATER
42.08,32.95,66.49,WATER_SOON
79.08,27.87,89.23,NO_WATER
10.16,22.65,53.36,WATER_SOON
45.25,28.07,35.88,WATER_SOON
12.92,26.11,78.94,WATER_SOON
34.55,34.05,92.01,WATER_SOON
67.24,19.81,88.75,NO_WATER
94.17,26.08,73.62,NO_WATER
27.4,31.55,64.47,WATER_SOON
16.89,33.24,74.91,WATER_NOW
31.19,27.54,73.36,WATER_SOON
67.53,26.72,98.0,NO_WATER
65.99,23.56,67.34,NO_WATER
91.23,25.64,48.31,NO_WATER
43.34,29.66,68.33,WATER_SOON
74.47,24.84,54.49,NO_WATER
16.45,22.51,64.7,WATER_SOON
85.44,30.07,44.71,NO_WATER
9.59,35.07,45.43,WATER_NOW
52.08,36.65,81.15,NO_WATER
9.68,27.98,56.27,WATER_NOW
74.48,33.38,61.76,NO_WATER
77.38,27.37,72.28,NO_WATER
50.66,37.17,55.1,WATER_SOON
68.11,34.3,67.59,NO_WATER
62.68,27.73,48.81,NO_WATER
62.89,27.34,66.06,NO_WATER
25.38,29.16,54.3,WATER_SOON
17.01,34.16,87.43,WATER_NOW
11.9,29.25,29.73,WATER_NOW
31.9,30.09,77.91,WATER_SOON
81.71,23.28,27.27,NO_WATER
36.98,28.43,71.68,WATER_SOON
54.95,28.29,68.96,NO_WATER
26.14,26.07,72.35,WATER_SOON
42.47,29.37,50.79,WATER_SOON
21.72,33.42,69.41,WATER_NOW
10.15,26.27,53.19,WATER_NOW
53.37,31.28,78.07,NO_WATER
35.58,27.06,72.16,WATER_SOON
15.43,28.17,79.76,WATER_NOW
24.68,29.24,80.54,WATER_SOON
59.09,21.14,49.79,NO_WATER
85.51,33.34,37.75,NO_WATER
89.72,18.05,32.55,NO_WATER
38.26,29.26,73.78,WATER_SOON
72.98,28.13,53.24,NO_WATER
27.07,26.21,63.66,WATER_SOON
91.51,25.94,53.1,NO_WATER
86.11,26.72,78.2,NO_WATER
10.78,26.33,59.13,WATER_NOW
6.64,28.73,54.79,WATER_NOW
54.41,35.49,90.94,WATER_SOON
24.81,20.07,69.39,WATER_SOON
77.52,35.69,42.29,NO_WATER
49.93,27.56,86.6,NO_WATER
18.3,27.72,98.0,WATER_SOON
47.49,35.05,98.0,WATER_SOON
26.3,23.7,82.58,WATER_SOON
60.35,25.64,35.5,NO_WATER
68.87,25.69,39.01,NO_WATER
63.39,29.66,55.44,NO_WATER
79.7,21.7,68.31,NO_WATER
56.17,37.83,64.2,WATER_SOON
81.67,32.19,70.05,NO_WATER
66.74,30.02,61.52,NO_WATER
84.15,33.72,98.0,NO_WATER
91.6,32.71,63.03,NO_WATER
50.07,25.69,58.29,NO_WATER
15.69,34.06,58.56,WATER_NOW
69.03,28.9,98.0,NO_WATER
72.22,26.69,96.71,NO_WATER
12.65,26.17,41.19,WATER_NOW
82.18,32.35,65.16,NO_WATER
29.75,19.32,75.98,NO_WATER
54.9,38.01,79.49,NO_WATER
24.31,27.78,54.78,WATER_SOON
47.7,36.34,72.33,WATER_SOON
88.48,29.84,67.61,NO_WATER
15.53,26.08,42.9,WATER_NOW
10.59,24.71,59.26,WATER_SOON
24.66,35.9,77.29,WATER_NOW
81.59,31.1,95.74,NO_WATER
14.1,31.69,58.07,WATER_NOW
54.82,32.12,41.95,WATER_SOON
55.18,28.14,50.91,NO_WATER
25.33,24.31,41.66,WATER_SOON
10.63,24.46,96.35,WATER_SOON
36.1,29.88,77.62,WATER_SOON
6.61,27.38,64.72,WATER_NOW
45.15,27.97,75.18,WATER_SOON
60.45,31.25,50.73,NO_WATER
30.52,25.25,43.58,WATER_SOON
24.36,28.52,44.6,WATER_SOON
76.96,34.24,72.76,NO_WATER
72.81,32.03,65.83,NO_WATER
94.88,29.28,75.85,NO_WATER
58.66,24.28,77.06,NO_WATER
46.24,29.38,37.11,WATER_SOON
61.91,25.29,40.95,NO_WATER
50.38,23.71,70.34,NO_WATER
88.19,25.57,61.54,NO_WATER
49.48,39.22,59.1,WATER_SOON
78.09,26.8,78.85,NO_WATER
51.59,25.92,44.59,NO_WATER
23.6,26.39,94.54,WATER_SOON
36.23,21.58,38.65,WATER_SOON
50.34,33.67,74.23,WATER_SOON
54.52,22.29,65.66,NO_WATER
47.45,39.93,62.5,WATER_SOON
63.51,42.0,87.91,WATER_SOON
30.74,32.08,74.88,WATER_SOON
58.07,26.79,72.68,NO_WATER
26.57,29.41,61.73,WATER_SOON
82.08,15.0,89.84,NO_WATER
13.42,22.49,44.09,WATER_SOON
84.79,22.61,82.37,NO_WATER
36.4,35.39,63.28,WATER_SOON
42.74,29.46,72.44,WATER_SOON
84.71,30.96,98.0,NO_WATER
8.78,20.87,59.84,WATER_SOON
14.21,26.88,81.29,WATER_SOON
38.41,25.38,63.25,WATER_SOON
10.66,29.2,72.27,WATER_SOON
50.58,26.28,41.48,NO_WATER
38.54,19.14,67.9,NO_WATER
25.77,28.96,82.54,WATER_SOON
37.46,34.38,68.31,WATER_SOON
15.86,36.6,98.0,WATER_NOW
26.67,37.23,48.39,WATER_NOW
56.63,32.0,59.03,WATER_SOON
14.47,33.82,65.21,WATER_NOW
40.14,24.87,47.17,WATER_SOON
57.99,30.31,52.57,NO_WATER
39.87,29.82,56.66,WATER_SOON
88.73,26.05,58.62,NO_WATER
5.39,17.13,50.06,WATER_SOON
65.07,31.33,33.13,NO_WATER
91.86,29.55,45.0,NO_WATER
16.2,18.89,44.12,WATER_SOON
20.74,35.52,49.81,WATER_NOW
13.14,26.17,79.74,WATER_SOON
68.27,27.12,64.26,NO_WATER
88.22,21.76,56.08,NO_WATER
33.42,32.84,82.71,WATER_SOON
7.09,21.99,41.65,WATER_SOON
78.43,35.32,77.69,NO_WATER
62.2,21.37,44.28,NO_WATER
54.33,22.8,79.27,NO_WATER
22.54,21.14,66.62,WATER_SOON
65.45,19.36,61.28,NO_WATER
14.83,29.57,62.92,WATER_NOW
71.83,35.02,84.86,NO_WATER
72.17,36.39,86.42,NO_WATER
50.29,37.2,62.08,WATER_SOON
16.28,29.8,34.76,WATER_NOW
7.46,24.06,57.95,WATER_NOW
83.37,34.52,42.56,NO_WATER
29.74,29.71,49.42,WATER_SOON
30.32,32.82,80.72,WATER_SOON
24.01,29.99,69.06,WATER_NOW
55.53,20.37,26.13,NO_WATER
67.76,36.6,73.52,WATER_SOON
90.91,29.71,58.46,NO_WATER
62.7,36.64,65.5,NO_WATER
21.04,30.36,79.14,WATER_SOON
59.83,20.45,66.68,NO_WATER
93.75,26.35,57.32,NO_WATER
78.42,20.98,45.04,NO_WATER
6.51,27.69,69.51,WATER_NOW
64.4,27.99,93.04,NO_WATER
41.28,27.13,60.17,WATER_SOON
44.44,25.99,60.57,WATER_SOON
83.65,27.76,65.44,NO_WATER
85.32,24.17,48.92,NO_WATER
29.22,28.87,84.12,WATER_SOON
37.56,21.76,98.0,NO_WATER
45.94,25.28,87.73,NO_WATER
21.36,35.68,52.21,WATER_NOW
93.02,30.25,67.43,NO_WATER
43.25,33.97,85.5,WATER_SOON
55.98,32.13,61.29,NO_WATER
49.07,37.62,70.63,WATER_SOON
20.71,28.35,50.64,WATER_SOON
80.79,23.92,86.14,NO_WATER
73.66,35.21,86.55,NO_WATER
94.13,33.18,63.24,NO_WATER
91.72,26.15,35.0,NO_WATER
66.93,25.41,69.13,NO_WATER
5.66,28.23,58.74,WATER_NOW
25.67,28.17,60.82,WATER_SOON
92.4,37.68,43.68,NO_WATER
15.04,28.33,80.79,WATER_SOON
62.87,30.07,64.95,NO_WATER
49.06,28.71,40.76,WATER_SOON
55.21,29.39,76.75,NO_WATER
32.58,18.38,75.69,NO_WATER
25.58,34.73,46.05,WATER_NOW
34.45,34.42,73.9,WATER_SOON
21.13,23.74,61.72,WATER_SOON
11.19,36.08,35.91,WATER_NOW
78.4,35.9,40.58,NO_WATER
91.56,27.2,52.66,NO_WATER
85.1,25.41,59.84,NO_WATER
94.47,33.81,61.46,NO_WATER
7.04,34.55,68.1,WATER_NOW
26.27,27.79,79.7,WATER_SOON
74.96,27.29,79.04,NO_WATER
29.94,26.85,57.65,WATER_SOON
44.16,33.33,36.68,WATER_SOON
84.66,30.85,91.68,NO_WATER
74.37,28.26,64.89,NO_WATER
51.43,23.33,90.4,NO_WATER
23.24,27.84,75.14,WATER_SOON
60.97,26.2,56.25,NO_WATER
39.69,36.35,50.32,WATER_SOON
79.7,22.12,75.81,NO_WATER
12.0,21.35,61.7,WATER_SOON
59.91,34.23,84.03,NO_WATER
11.4,28.01,82.22,WATER_SOON
40.76,26.47,36.15,WATER_SOON
57.57,27.97,42.23,NO_WATER
26.97,30.5,74.29,WATER_SOON
69.57,22.99,76.8,NO_WATER
86.78,19.81,86.49,NO_WATER
54.71,38.93,73.92,WATER_SOON
63.31,38.92,83.5,NO_WATER
24.37,33.16,83.82,WATER_SOON
63.75,28.06,49.08,NO_WATER
59.6,29.91,47.19,NO_WATER
34.34,31.54,60.88,WATER_SOON
46.22,29.97,45.92,WATER_SOON
10.57,34.66,77.19,WATER_NOW
58.18,30.12,62.68,NO_WATER
55.67,28.23,80.56,NO_WATER
88.36,35.68,84.73,NO_WATER
75.82,29.05,83.1,NO_WATER
7.1,40.26,82.15,WATER_NOW
79.36,29.04,57.72,NO_WATER
90.27,25.34,83.38,NO_WATER
80.78,29.63,53.67,NO_WATER
65.04,23.46,57.54,NO_WATER
55.87,22.7,62.01,NO_WATER
38.23,22.39,51.02,WATER_SOON
89.59,29.84,92.04,NO_WATER
38.76,30.72,83.37,WATER_SOON
49.06,39.39,58.5,WATER_SOON
64.26,34.43,76.03,NO_WATER
42.3,30.94,80.5,WATER_SOON
30.56,33.07,61.57,WATER_NOW
35.84,30.67,49.49,WATER_SOON
37.88,32.25,80.58,WATER_SOON
36.32,24.91,35.94,WATER_SOON
79.4,29.24,88.05,NO_WATER
12.6,16.61,57.81,WATER_SOON
73.4,21.76,35.52,NO_WATER
33.46,27.16,44.92,WATER_SOON
56.66,21.72,57.22,NO_WATER
65.11,27.97,67.5,NO_WATER
83.03,24.04,91.16,NO_WATER
73.21,27.17,54.1,NO_WATER
10.23,27.69,60.9,WATER_NOW
78.95,30.0,58.01,NO_WATER
72.98,37.79,86.31,NO_WATER
14.42,34.55,98.0,WATER_NOW
37.95,23.68,37.95,WATER_SOON
15.58,29.51,71.36,WATER_SOON
84.34,25.04,98.0,NO_WATER
72.78,29.18,84.67,NO_WATER
38.49,35.58,41.88,WATER_SOON
47.74,40.35,55.21,WATER_NOW
62.97,27.84,42.25,NO_WATER
51.15,29.81,86.64,NO_WATER
8.59,37.59,72.9,WATER_NOW
54.47,25.1,97.36,NO_WATER
30.61,27.71,74.54,WATER_SOON
86.3,29.39,74.92,NO_WATER
12.9,36.07,39.56,WATER_NOW
33.64,26.06,92.42,NO_WATER
66.36,24.02,54.97,NO_WATER
31.21,36.91,63.57,WATER_SOON
65.91,32.97,57.1,NO_WATER
50.33,27.27,75.15,WATER_SOON
60.63,22.9,98.0,NO_WATER
31.72,29.18,30.22,WATER_SOON
69.12,36.85,77.75,NO_WATER
34.44,17.99,31.69,WATER_SOON
66.26,23.71,66.94,NO_WATER
5.34,28.12,87.95,WATER_NOW
60.96,28.79,98.0,NO_WATER
38.91,28.09,58.79,WATER_SOON
51.72,22.76,43.42,NO_WATER
37.19,21.99,81.91,NO_WATER
28.7,25.64,84.51,WATER_SOON
43.19,32.58,64.93,WATER_SOON
52.14,28.96,38.2,WATER_SOON
68.74,34.49,30.39,WATER_SOON
13.12,29.48,67.55,WATER_NOW
42.11,26.52,61.64,NO_WATER
61.04,24.87,98.0,NO_WATER
58.06,34.86,64.61,WATER_SOON
27.07,25.21,88.87,WATER_SOON
36.03,28.22,51.46,WATER_SOON
94.49,15.0,66.1,NO_WATER
86.24,27.23,51.83,NO_WATER
13.66,30.98,57.95,WATER_NOW
80.43,26.39,55.36,NO_WATER
75.15,30.43,41.63,NO_WATER
7.77,31.64,77.35,WATER_NOW
51.7,31.87,83.0,WATER_SOON
23.63,23.96,61.08,WATER_SOON
43.91,24.6,58.68,WATER_SOON
43.06,35.17,83.9,WATER_SOON
19.43,35.17,64.74,WATER_NOW
36.5,28.84,48.59,WATER_SOON
43.26,29.4,66.71,WATER_SOON
30.15,34.45,62.69,WATER_NOW
79.37,32.82,61.19,NO_WATER
34.77,34.52,68.48,WATER_SOON
52.63,33.85,76.8,WATER_SOON
56.35,25.69,86.06,NO_WATER
62.44,21.71,84.17,NO_WATER
76.65,29.41,43.53,NO_WATER
59.59,28.09,46.33,NO_WATER
90.76,37.1,78.55,NO_WATER
59.22,31.94,79.97,NO_WATER
89.25,23.82,66.67,NO_WATER
40.47,22.08,20.0,WATER_SOON
51.53,34.61,44.69,WATER_SOON
65.43,38.12,98.0,NO_WATER
22.84,27.7,63.32,WATER_SOON
64.96,30.5,64.27,NO_WATER
39.5,34.68,54.26,WATER_SOON
57.68,35.91,53.6,WATER_SOON
21.04,27.39,57.87,WATER_NOW
36.12,30.06,84.81,WATER_SOON
11.37,26.87,75.74,WATER_NOW
8.17,24.71,98.0,WATER_SOON
18.18,26.18,71.77,WATER_SOON
27.72,26.97,50.6,WATER_SOON
78.34,34.67,57.8,NO_WATER
47.09,33.3,68.32,WATER_SOON
44.53,35.1,69.07,WATER_SOON
16.31,33.28,49.04,WATER_NOW
50.0,39.18,94.73,WATER_SOON
25.27,19.97,50.86,WATER_SOON
76.64,37.08,69.39,NO_WATER
72.59,30.55,62.56,NO_WATER
63.82,37.8,65.95,NO_WATER
9.04,31.72,87.43,WATER_NOW
11.75,37.86,52.29,WATER_NOW
81.67,25.89,55.23,NO_WATER
55.88,30.99,62.43,NO_WATER
77.43,24.67,32.69,NO_WATER
8.98,20.77,20.0,WATER_NOW
24.7,25.4,62.35,WATER_SOON
10.7,26.81,69.18,WATER_SOON
94.35,36.96,20.0,NO_WATER
20.0,23.45,50.09,WATER_SOON
94.13,33.99,78.94,NO_WATER
37.79,36.98,48.95,WATER_SOON
16.51,31.74,45.36,WATER_NOW
55.56,22.09,54.2,NO_WATER
50.05,28.63,70.48,NO_WATER
75.11,29.36,54.49,NO_WATER
61.35,30.66,63.38,WATER_SOON
14.66,28.22,96.1,WATER_NOW
27.44,26.74,83.82,WATER_SOON
25.26,34.84,98.0,WATER_SOON
50.46,22.87,62.48,NO_WATER
54.04,24.38,56.88,NO_WATER
76.6,15.0,41.3,NO_WATER
26.34,22.59,92.64,WATER_SOON
81.45,31.23,56.23,NO_WATER
78.78,18.48,71.38,NO_WATER
52.61,27.57,63.71,NO_WATER
19.51,24.07,90.08,WATER_SOON
42.26,25.98,68.91,WATER_SOON
55.68,29.83,62.54,NO_WATER
26.62,30.07,88.03,WATER_SOON
76.95,35.43,55.94,NO_WATER
43.52,29.5,61.21,WATER_SOON
61.66,34.5,77.6,NO_WATER
42.31,29.55,81.86,WATER_SOON
25.11,28.37,53.39,WATER_SOON
57.24,31.81,82.72,NO_WATER
58.42,26.6,82.79,NO_WATER
9.97,27.31,73.54,WATER_NOW
14.48,26.82,70.18,WATER_SOON
80.36,37.05,78.4,NO_WATER
42.25,22.18,77.66,NO_WATER
91.57,21.99,40.19,NO_WATER
35.27,22.73,87.64,NO_WATER
50.74,28.27,69.97,NO_WATER
32.31,34.1,63.69,WATER_SOON
36.52,23.28,68.97,WATER_SOON
12.27,29.21,37.9,WATER_NOW
55.74,22.68,60.25,NO_WATER
80.69,28.55,59.74,NO_WATER
43.31,26.21,62.91,WATER_SOON
86.53,32.24,44.55,NO_WATER
44.89,31.13,81.67,WATER_SOON
5.05,29.47,66.2,WATER_NOW
18.2,35.92,98.0,WATER_NOW
34.73,24.91,69.67,NO_WATER
56.49,33.6,76.36,NO_WATER
51.42,29.36,55.1,WATER_SOON
74.69,25.69,48.2,NO_WATER
89.65,19.17,48.82,NO_WATER
25.02,27.24,73.7,WATER_SOON
75.32,29.26,49.57,NO_WATER
29.56,29.93,47.51,WATER_SOON
30.99,24.57,66.25,WATER_SOON
35.54,26.69,78.48,WATER_SOON
14.3,19.82,96.91,WATER_SOON
61.85,27.19,35.44,NO_WATER
14.53,22.55,66.31,WATER_SOON
17.05,31.6,46.12,WATER_NOW
31.67,27.55,90.34,WATER_SOON
88.48,24.94,58.37,NO_WATER
63.57,19.65,82.34,NO_WATER
76.68,26.14,46.12,NO_WATER
17.64,24.11,70.86,WATER_SOON
13.71,33.6,98.0,WATER_SOON
23.09,38.24,71.25,WATER_NOW
61.77,28.96,67.84,NO_WATER
86.35,28.54,53.74,NO_WATER
69.94,29.72,84.35,NO_WATER
86.18,27.69,56.41,NO_WATER
83.95,28.18,57.02,NO_WATER
61.19,34.21,69.76,NO_WATER
55.79,29.82,58.16,WATER_SOON
12.12,26.69,60.17,WATER_SOON
19.65,32.51,57.53,WATER_NOW
36.69,25.59,56.24,WATER_SOON
8.62,20.47,59.54,WATER_SOON
91.81,29.74,61.84,NO_WATER
9.8,26.37,74.81,WATER_NOW
70.79,29.18,67.82,NO_WATER
62.94,28.91,71.9,NO_WATER
58.12,26.85,69.37,NO_WATER
79.0,29.29,34.12,NO_WATER
32.65,21.59,80.92,NO_WATER
23.13,35.3,67.46,WATER_NOW
16.47,26.23,47.26,WATER_NOW
24.14,31.32,53.83,WATER_NOW
15.09,29.72,52.53,WATER_NOW
41.12,31.77,26.13,WATER_SOON
41.26,30.69,61.61,WATER_SOON
71.84,28.71,60.83,NO_WATER
48.28,27.09,59.87,WATER_SOON
38.16,24.76,62.2,WATER_SOON
65.18,28.42,64.11,NO_WATER
86.47,27.62,25.79,NO_WATER
39.33,34.72,64.52,WATER_SOON
16.14,21.75,94.23,WATER_SOON
88.43,29.02,48.22,NO_WATER
72.33,25.65,97.3,NO_WATER
88.81,29.1,67.31,NO_WATER
20.27,35.04,72.27,WATER_NOW
52.22,39.83,76.28,WATER_SOON
31.36,19.62,38.78,WATER_SOON
49.67,30.16,44.74,WATER_SOON
29.76,20.85,75.94,WATER_SOON
60.93,30.35,66.99,NO_WATER
46.47,23.55,50.93,WATER_SOON
35.63,24.0,59.68,WATER_SOON
69.77,31.04,68.07,NO_WATER
38.87,29.59,32.32,WATER_SOON
13.08,25.97,71.65,WATER_NOW
38.8,32.16,56.97,WATER_SOON
9.26,15.89,41.72,WATER_SOON
69.39,39.28,90.32,NO_WATER
80.16,23.89,58.94,NO_WATER
17.81,28.2,47.97,WATER_NOW
59.57,28.9,48.54,NO_WATER
81.0,28.7,63.91,NO_WATER
80.84,26.61,54.09,NO_WATER
93.13,36.64,61.62,NO_WATER
26.75,33.98,81.81,WATER_SOON
36.68,26.54,62.77,WATER_SOON
22.59,21.24,49.65,WATER_SOON
93.68,33.45,70.63,NO_WATER
87.91,31.16,70.9,NO_WATER
58.94,27.83,56.72,NO_WATER
8.7,30.43,98.0,WATER_SOON
64.44,28.39,90.07,NO_WATER
61.41,27.98,87.2,NO_WATER
88.86,35.39,48.27,NO_WATER
17.73,21.15,79.47,WATER_SOON
65.17,26.23,80.1,NO_WATER
86.93,27.34,61.92,NO_WATER
36.98,32.48,73.38,WATER_SOON
16.8,27.15,32.26,WATER_NOW
40.4,34.05,51.66,WATER_SOON
31.04,27.97,50.6,WATER_SOON
62.91,29.35,98.0,NO_WATER
18.73,30.51,39.3,WATER_NOW
37.99,24.48,49.38,WATER_SOON
33.25,30.62,80.28,WATER_SOON
62.85,32.65,55.37,WATER_SOON
86.81,25.94,86.79,NO_WATER
13.39,20.52,65.34,WATER_SOON
12.45,28.73,66.08,WATER_NOW
76.26,32.23,54.29,NO_WATER
39.37,22.11,29.51,WATER_SOON
23.39,28.81,67.89,WATER_SOON
26.15,27.92,29.32,WATER_SOON
85.37,25.97,70.41,NO_WATER
38.01,27.06,88.18,NO_WATER
78.75,24.88,85.07,NO_WATER
80.82,32.25,65.26,NO_WATER
87.21,31.24,39.97,NO_WATER
32.12,41.82,50.16,WATER_NOW
7.3,33.62,98.0,WATER_NOW
13.85,29.04,54.88,WATER_NOW
34.95,30.54,48.41,WATER_SOON
5.66,29.65,44.6,WATER_NOW
24.98,34.61,53.2,WATER_SOON
45.22,39.71,46.12,WATER_SOON
9.99,27.83,60.56,WATER_NOW
8.81,29.39,86.97,WATER_NOW
45.26,29.95,56.58,WATER_SOON
66.81,38.4,71.04,NO_WATER
6.32,27.05,61.32,WATER_NOW
38.13,27.94,27.72,WATER_SOON
25.93,37.56,46.05,WATER_NOW
19.22,23.43,56.82,WATER_NOW
26.73,25.5,38.57,WATER_SOON
76.89,27.41,57.04,NO_WATER
34.01,31.87,86.1,WATER_SOON
50.38,31.78,33.95,WATER_SOON
47.61,24.69,98.0,NO_WATER
84.57,31.75,52.94,NO_WATER
22.11,25.13,79.02,WATER_SOON
18.88,28.78,86.43,WATER_SOON
60.77,36.22,37.27,WATER_SOON
40.54,18.32,60.29,NO_WATER
94.53,24.69,91.93,NO_WATER
35.55,25.01,61.24,WATER_SOON
24.18,29.9,51.23,WATER_SOON
51.76,22.86,58.23,NO_WATER
63.66,27.74,90.9,NO_WATER
83.08,35.6,73.7,NO_WATER
22.86,37.1,98.0,WATER_NOW
58.08,37.43,51.25,WATER_SOON
90.38,31.58,67.66,NO_WATER
25.42,30.4,94.66,WATER_SOON
30.28,22.53,46.06,WATER_SOON
34.42,31.36,47.51,WATER_SOON
19.71,28.67,91.49,WATER_SOON
56.48,33.93,57.79,WATER_SOON
44.3,26.58,76.37,NO_WATER
16.05,28.52,20.0,WATER_NOW
70.43,27.37,74.36,NO_WATER
66.91,26.47,90.47,NO_WATER
71.58,23.02,61.42,NO_WATER
64.66,34.95,72.99,NO_WATER
31.77,32.33,72.0,WATER_NOW
54.47,33.83,79.07,NO_WATER
86.55,34.39,42.52,NO_WATER
54.86,24.42,79.43,NO_WATER
84.03,33.23,37.13,NO_WATER
86.81,30.52,45.47,NO_WATER
29.74,34.65,46.57,WATER_NOW
23.33,29.21,48.53,WATER_NOW
27.03,31.59,70.9,WATER_SOON
10.5,25.01,75.86,WATER_SOON
33.86,33.25,76.92,WATER_SOON
15.11,29.52,81.35,WATER_NOW
83.97,39.93,61.13,NO_WATER
80.21,42.0,82.38,NO_WATER
73.88,31.7,67.07,NO_WATER
49.24,28.73,85.79,NO_WATER
11.46,28.7,62.97,WATER_NOW
88.51,26.24,83.52,NO_WATER
47.66,25.47,81.17,NO_WATER
35.03,29.05,57.62,WATER_SOON
59.31,24.65,33.35,NO_WATER
45.12,25.09,77.93,NO_WATER
84.12,27.03,73.54,NO_WATER
19.49,20.85,55.95,WATER_SOON
88.68,33.13,61.22,NO_WATER
81.83,23.98,74.36,NO_WATER
65.21,31.22,63.85,NO_WATER
42.67,32.95,72.26,WATER_SOON
76.92,27.95,45.72,NO_WATER
93.71,36.53,66.41,NO_WATER
17.45,25.72,61.57,WATER_NOW
26.69,38.95,94.63,WATER_NOW
94.79,31.83,79.26,NO_WATER
13.68,31.19,69.18,WATER_NOW
19.81,27.49,61.33,WATER_SOON
59.37,41.04,50.96,WATER_SOON
8.49,21.94,54.53,WATER_NOW
31.13,26.81,59.58,WATER_SOON
78.08,30.75,91.48,NO_WATER
65.15,31.88,78.42,NO_WATER
89.32,24.33,59.49,NO_WATER
16.04,32.73,84.74,WATER_NOW
38.93,23.5,46.96,WATER_SOON
40.82,24.88,34.01,WATER_SOON
73.92,23.29,39.64,NO_WATER
18.22,35.45,47.28,WATER_NOW
30.03,25.17,51.38,WATER_SOON
22.98,22.11,61.61,WATER_SOON
62.53,31.38,93.79,NO_WATER
49.47,32.12,39.71,WATER_SOON
79.68,33.27,43.06,NO_WATER
53.53,27.66,69.4,NO_WATER
27.46,31.25,61.63,WATER_SOON
91.96,31.71,55.1,NO_WATER
16.68,29.44,87.85,WATER_SOON
92.23,35.11,71.05,NO_WATER
42.52,34.65,98.0,WATER_SOON
35.72,38.2,68.73,WATER_NOW
58.72,32.32,64.26,NO_WATER
84.93,21.28,45.18,NO_WATER
86.39,37.78,51.02,NO_WATER
60.3,33.26,59.83,WATER_SOON
40.93,15.81,62.04,NO_WATER
17.62,24.66,44.54,WATER_SOON
35.09,22.36,90.41,NO_WATER
29.13,34.45,81.47,WATER_SOON
79.15,37.21,52.48,NO_WATER
76.93,18.02,36.9,NO_WATER
94.97,19.64,57.61,NO_WATER
6.27,37.65,70.08,WATER_NOW
70.65,28.81,65.33,NO_WATER
52.58,25.27,61.78,NO_WATER
50.29,32.67,67.62,NO_WATER
53.76,24.02,52.52,NO_WATER
17.58,19.76,35.07,WATER_SOON
67.16,25.86,66.54,NO_WATER
69.65,29.89,86.76,NO_WATER
6.42,25.49,90.36,WATER_SOON
54.42,32.67,71.96,WATER_SOON
25.67,32.6,55.01,WATER_NOW
23.52,27.88,53.99,WATER_SOON
33.65,23.78,61.28,WATER_SOON
13.99,33.59,59.88,WATER_NOW
46.65,15.67,69.24,NO_WATER
73.37,34.16,52.16,NO_WATER
17.28,28.92,54.94,WATER_NOW
93.86,32.15,44.67,NO_WATER
30.78,33.21,82.74,WATER_SOON
11.29,31.86,24.81,WATER_NOW
41.72,28.99,94.24,WATER_SOON
67.36,31.95,77.89,NO_WATER
62.02,36.07,58.77,WATER_SOON
62.85,28.84,75.92,NO_WATER
75.33,23.28,47.63,NO_WATER
91.18,31.15,41.16,NO_WATER
78.36,29.92,33.11,NO_WATER
57.3,30.45,73.2,NO_WATER
12.03,35.96,49.43,WATER_NOW
51.34,21.48,52.3,NO_WATER
17.05,28.14,66.65,WATER_NOW
25.7,25.42,80.93,WATER_SOON
15.66,23.36,56.83,WATER_SOON
89.6,28.66,62.75,NO_WATER
87.15,33.78,64.97,NO_WATER
11.05,32.4,64.58,WATER_NOW
85.17,22.28,70.71,NO_WATER
30.03,30.54,73.54,WATER_SOON
68.47,31.29,86.67,NO_WATER
36.75,23.59,76.08,NO_WATER
83.75,37.37,75.63,NO_WATER
14.15,24.99,51.72,WATER_NOW
59.47,20.16,45.29,NO_WATER
24.08,29.06,87.33,WATER_SOON
42.1,34.87,73.41,WATER_SOON
84.61,27.98,85.39,NO_WATER
60.07,21.59,81.8,NO_WATER
41.77,38.2,47.23,WATER_NOW
9.99,33.46,68.76,WATER_NOW
44.25,28.84,81.51,WATER_SOON
48.28,34.44,87.08,WATER_SOON
34.96,25.34,42.05,WATER_SOON
70.42,27.48,90.18,NO_WATER
23.21,28.75,84.7,WATER_SOON
80.37,28.49,73.55,NO_WATER
32.09,30.81,57.49,WATER_SOON
46.33,31.04,72.15,WATER_SOON
20.03,19.88,64.79,WATER_SOON
27.31,30.75,74.11,WATER_SOON
18.06,26.48,76.67,WATER_SOON
83.77,22.41,54.44,NO_WATER
18.56,27.43,63.89,WATER_SOON
26.67,25.0,98.0,WATER_SOON
41.0,33.59,57.41,WATER_SOON
90.03,23.08,98.0,NO_WATER
71.01,26.32,76.4,NO_WATER
18.32,37.79,77.4,WATER_NOW
41.12,31.07,49.43,WATER_SOON
44.45,25.47,69.35,NO_WATER
30.73,33.32,60.5,WATER_SOON
88.87,31.3,60.07,NO_WATER
48.84,24.04,67.46,NO_WATER
37.54,27.02,66.56,WATER_SOON
33.33,24.44,90.2,NO_WATER
78.92,24.2,54.64,NO_WATER
25.2,27.9,51.48,WATER_NOW
24.5,32.44,36.77,WATER_NOW
57.44,25.15,39.61,NO_WATER
37.98,25.16,55.19,WATER_SOON
40.41,25.24,98.0,NO_WATER
11.97,34.26,79.92,WATER_NOW
93.59,27.38,66.71,NO_WATER
48.43,32.39,62.09,WATER_SOON
48.52,35.11,69.09,WATER_SOON
90.43,28.21,35.27,NO_WATER
18.18,23.63,64.64,WATER_SOON
28.13,37.92,68.17,WATER_NOW
34.51,34.93,86.06,WATER_SOON
78.7,30.96,69.18,NO_WATER
18.59,36.83,49.82,WATER_NOW
62.11,28.85,50.18,NO_WATER
37.34,28.18,92.38,WATER_SOON
55.7,25.07,70.12,NO_WATER
88.06,26.79,65.11,NO_WATER
11.47,28.17,91.29,WATER_SOON
77.4,37.57,73.85,NO_WATER
70.36,27.2,55.29,NO_WATER
63.73,27.61,63.59,NO_WATER
82.96,30.09,98.0,NO_WATER
57.93,27.25,93.64,NO_WATER
90.46,30.24,64.99,NO_WATER
68.47,34.37,51.13,NO_WATER
88.51,33.77,79.94,NO_WATER
58.11,25.87,32.13,NO_WATER
38.44,27.95,70.88,WATER_SOON
38.42,26.34,44.67,WATER_SOON
7.08,22.15,33.99,WATER_NOW
66.01,26.95,35.5,NO_WATER
11.22,20.49,52.8,WATER_SOON
38.62,26.2,61.32,WATER_SOON
7.95,24.73,39.47,WATER_NOW
79.58,31.88,74.55,NO_WATER
13.1,24.56,65.05,WATER_SOON
44.11,29.76,45.85,WATER_SOON
33.88,31.81,96.32,WATER_SOON
85.28,27.97,61.42,NO_WATER
88.09,27.08,61.47,NO_WATER
18.49,30.16,59.08,WATER_NOW
75.87,33.04,67.79,NO_WATER
33.84,20.09,64.8,NO_WATER
89.39,22.35,35.33,NO_WATER
52.26,35.55,59.64,WATER_SOON
92.38,28.05,77.54,NO_WATER
45.76,19.07,78.86,NO_WATER
61.71,27.78,82.5,NO_WATER
25.5,24.43,60.14,WATER_SOON
16.15,27.92,72.92,WATER_SOON
31.97,21.35,82.19,NO_WATER
26.72,39.27,94.87,WATER_NOW
46.87,27.14,85.97,WATER_SOON
5.4,26.71,51.27,WATER_NOW
63.84,42.0,26.27,WATER_SOON
9.18,29.04,77.56,WATER_NOW
89.9,26.05,59.81,NO_WATER
89.33,31.72,48.83,NO_WATER
26.93,26.06,74.18,WATER_SOON
26.41,22.12,51.46,WATER_SOON
23.4,28.5,38.25,WATER_NOW
49.03,33.37,70.09,WATER_SOON
67.14,32.85,54.6,NO_WATER
73.75,33.52,55.49,NO_WATER
79.08,29.21,63.03,NO_WATER
27.53,20.41,55.9,WATER_SOON
55.03,27.29,75.5,NO_WATER
58.51,28.32,69.47,NO_WATER
25.51,18.84,89.83,WATER_SOON
35.65,29.84,73.74,WATER_SOON
62.94,32.28,46.9,NO_WATER
87.18,32.35,47.57,NO_WATER
75.47,31.3,66.18,NO_WATER
33.41,29.53,40.24,WATER_SOON
51.24,38.05,40.03,WATER_SOON
66.61,33.16,84.22,NO_WATER
94.53,34.46,98.0,NO_WATER
17.42,38.85,48.64,WATER_NOW
26.67,24.44,61.0,WATER_SOON
24.94,32.69,81.39,WATER_SOON
30.81,37.31,81.14,WATER_SOON
18.1,24.72,40.44,WATER_NOW
91.97,37.4,57.18,NO_WATER
28.61,28.36,71.33,WATER_SOON
62.44,25.26,39.12,NO_WATER
46.84,28.31,33.56,WATER_SOON
62.83,19.63,82.15,NO_WATER
84.99,32.2,69.23,NO_WATER
64.79,26.8,70.59,NO_WATER
12.73,34.46,58.55,WATER_NOW
45.73,23.51,48.07,NO_WATER
69.15,26.95,46.25,NO_WATER
17.62,24.93,84.18,WATER_SOON
94.76,33.14,74.24,NO_WATER
90.44,27.37,38.35,NO_WATER
55.72,26.71,38.46,NO_WATER
81.91,24.38,74.74,NO_WATER
72.82,30.81,76.58,NO_WATER
68.18,39.35,42.1,NO_WATER
18.46,38.91,98.0,WATER_NOW
87.97,21.79,64.1,NO_WATER
82.26,36.77,46.48,NO_WATER
22.62,40.52,79.7,WATER_NOW
53.91,34.76,79.16,WATER_SOON
22.52,38.87,49.83,WATER_NOW
88.96,19.66,86.4,NO_WATER
90.55,25.37,83.49,NO_WATER
32.27,20.25,63.24,WATER_SOON
54.89,38.19,68.7,WATER_SOON
76.14,28.1,52.1,NO_WATER
80.42,19.64,34.11,NO_WATER
66.56,22.18,93.75,NO_WATER
44.38,29.26,81.67,WATER_SOON
54.34,18.68,76.56,NO_WATER
58.3,23.32,54.27,NO_WATER
28.19,27.96,42.93,WATER_SOON
48.0,34.44,67.55,WATER_SOON
18.41,32.35,64.44,WATER_NOW
9.38,27.65,49.35,WATER_NOW
36.64,25.65,42.98,WATER_SOON
76.78,36.29,68.98,NO_WATER
51.17,26.94,65.39,NO_WATER
31.87,22.21,89.22,WATER_SOON
82.4,35.24,51.61,NO_WATER
18.8,26.32,81.78,WATER_SOON
71.04,18.47,62.38,NO_WATER
26.11,33.87,53.7,WATER_SOON
61.47,28.7,81.04,NO_WATER
16.14,28.0,66.56,WATER_SOON
31.49,25.09,65.15,WATER_SOON
71.14,22.37,50.15,NO_WATER
54.05,18.78,87.55,NO_WATER
32.03,24.12,71.44,WATER_SOON
64.08,37.23,58.61,WATER_SOON
90.66,27.97,85.49,NO_WATER
33.53,34.94,81.35,WATER_SOON
36.01,31.15,98.0,WATER_SOON
45.25,29.97,98.0,NO_WATER
9.65,34.58,89.93,WATER_NOW
11.98,30.22,47.49,WATER_NOW
34.32,29.13,49.74,WATER_SOON
35.77,33.6,60.66,WATER_SOON
32.16,29.13,98.0,WATER_SOON
67.95,27.22,64.76,NO_WATER
22.56,30.62,78.88,WATER_SOON
54.97,30.26,87.81,NO_WATER
19.44,30.57,32.73,WATER_NOW
7.13,31.5,85.27,WATER_NOW
93.8,30.33,65.75,NO_WATER
79.47,33.73,89.41,NO_WATER
39.22,34.89,65.05,WATER_SOON
50.61,29.48,76.11,NO_WATER
24.46,36.55,53.25,WATER_NOW
10.68,26.9,67.88,WATER_SOON
65.38,20.59,61.81,NO_WATER
31.18,36.2,73.77,WATER_SOON
94.02,29.12,35.8,NO_WATER
77.88,26.45,62.5,NO_WATER
33.96,30.45,75.33,WATER_SOON
29.58,32.48,58.28,WATER_NOW
54.23,34.65,40.06,WATER_SOON
58.57,23.14,55.11,NO_WATER
8.1,28.68,35.32,WATER_NOW
63.43,28.01,98.0,NO_WATER
54.12,25.87,52.18,NO_WATER
30.67,33.68,67.6,WATER_SOON
72.24,39.26,97.86,NO_WATER
22.37,17.79,98.0,NO_WATER
34.11,32.27,85.96,WATER_SOON
16.77,23.54,77.14,WATER_SOON
20.7,27.83,51.93,WATER_SOON
58.63,15.97,65.93,NO_WATER
33.25,33.05,82.37,WATER_SOON
22.7,35.7,71.62,WATER_NOW
23.15,34.07,48.84,WATER_NOW
52.04,25.69,64.13,NO_WATER
69.5,25.23,69.82,NO_WATER
46.36,32.0,65.48,WATER_SOON
15.02,26.98,37.32,WATER_NOW
30.36,26.16,57.21,WATER_SOON
82.62,31.18,53.46,NO_WATER
16.64,39.69,54.49,WATER_NOW
11.03,31.73,71.18,WATER_NOW
80.61,27.07,53.0,NO_WATER
43.75,27.94,74.29,NO_WATER
23.14,26.38,57.9,WATER_SOON
24.96,27.91,52.16,WATER_NOW
61.78,33.8,56.75,WATER_SOON
24.87,36.48,61.04,WATER_NOW
54.26,26.01,53.82,WATER_SOON
30.17,24.94,76.35,WATER_SOON
84.66,25.07,35.59,NO_WATER
41.59,32.93,63.57,WATER_SOON
58.37,31.78,42.34,WATER_SOON
61.96,28.14,88.49,NO_WATER
65.96,25.74,95.88,NO_WATER
93.8,29.28,57.04,NO_WATER
20.87,31.02,40.01,WATER_NOW
63.37,30.25,76.89,NO_WATER
76.75,27.61,59.39,NO_WATER
75.41,26.14,66.24,NO_WATER
27.08,26.62,36.71,WATER_SOON
87.72,33.77,47.19,NO_WATER
80.59,24.41,59.57,NO_WATER
94.7,29.83,72.44,NO_WATER
5.28,27.97,74.2,WATER_NOW
17.06,31.16,44.1,WATER_NOW
51.1,30.52,68.19,WATER_SOON
22.79,25.03,25.53,WATER_SOON
62.08,34.49,58.76,WATER_SOON
33.81,28.74,45.0,WATER_SOON
52.83,29.81,49.47,WATER_SOON
29.71,26.22,60.91,WATER_SOON
65.82,20.76,77.59,NO_WATER
21.33,38.64,58.97,WATER_NOW
86.15,23.16,55.91,NO_WATER
39.1,22.38,69.22,NO_WATER
89.47,30.63,52.4,NO_WATER
71.96,38.24,93.18,NO_WATER
47.22,23.18,98.0,NO_WATER
84.71,27.02,87.23,NO_WATER
41.9,27.98,64.54,WATER_SOON
40.73,28.49,62.84,WATER_SOON
88.5,29.52,86.58,NO_WATER
41.81,30.05,89.89,WATER_SOON
18.82,28.66,77.43,WATER_SOON
9.04,29.93,32.8,WATER_NOW
52.11,40.76,73.63,WATER_SOON
44.79,27.94,39.3,WATER_SOON
86.35,30.06,58.67,NO_WATER
42.45,28.02,65.3,WATER_SOON
20.75,30.72,36.19,WATER_NOW
6.75,25.43,94.0,WATER_SOON
87.19,39.93,61.4,NO_WATER
25.11,30.75,52.3,WATER_NOW
50.52,32.58,79.35,WATER_SOON
18.07,31.76,54.79,WATER_NOW
72.84,29.07,40.99,NO_WATER
5.62,28.63,77.05,WATER_NOW
85.85,34.18,67.39,NO_WATER
15.41,40.99,72.46,WATER_NOW
11.09,23.59,32.52,WATER_NOW
60.96,31.9,89.32,NO_WATER
42.77,30.18,61.88,WATER_SOON
48.75,38.87,41.93,WATER_SOON
76.57,30.96,60.73,NO_WATER
78.07,38.37,54.97,NO_WATER
91.27,30.02,48.2,NO_WATER
81.55,25.63,36.31,NO_WATER
5.67,15.45,51.53,WATER_SOON
8.6,36.11,64.43,WATER_NOW
72.63,18.24,50.71,NO_WATER
11.84,28.98,47.68,WATER_NOW
19.66,32.48,54.54,WATER_NOW
40.5,29.48,43.5,WATER_SOON
85.61,23.49,82.99,NO_WATER
12.96,35.07,67.09,WATER_NOW
53.26,37.86,60.55,WATER_SOON
43.05,27.56,23.32,WATER_SOON
51.01,27.41,76.7,NO_WATER
11.22,24.9,52.28,WATER_NOW
14.74,24.5,64.48,WATER_SOON
19.86,30.06,41.32,WATER_NOW
56.92,27.04,67.63,NO_WATER
61.04,28.91,67.21,NO_WATER
16.93,34.38,60.7,WATER_NOW
75.13,21.59,84.81,NO_WATER
22.37,36.52,91.25,WATER_NOW
56.52,27.56,56.37,NO_WATER
49.14,21.32,65.37,NO_WATER
14.11,31.64,98.0,WATER_SOON
10.55,40.79,50.67,WATER_NOW
47.8,28.48,51.75,NO_WATER
53.3,34.01,50.77,WATER_SOON
89.2,23.77,74.48,NO_WATER
32.85,22.37,28.79,WATER_SOON
51.0,30.23,71.16,NO_WATER
20.6,31.78,98.0,WATER_SOON
75.82,31.64,69.38,NO_WATER
45.88,35.42,53.88,WATER_SOON
83.82,25.64,59.3,NO_WATER
44.06,36.85,72.94,WATER_SOON
32.83,26.72,39.99,WATER_SOON
20.28,23.47,51.52,WATER_SOON
48.02,32.34,61.1,NO_WATER
20.2,41.47,84.17,WATER_NOW
28.38,33.4,96.76,WATER_SOON
39.02,25.31,76.4,NO_WATER
32.13,28.55,71.98,WATER_SOON
67.27,23.9,52.1,NO_WATER
14.43,26.12,67.39,WATER_NOW
74.9,31.66,82.23,NO_WATER
16.24,33.9,66.09,WATER_NOW
7.18,28.85,92.89,WATER_NOW
8.54,24.98,75.06,WATER_SOON
31.67,17.32,98.0,NO_WATER
6.26,34.22,66.47,WATER_NOW
22.57,32.82,85.79,WATER_SOON
92.42,31.39,71.04,NO_WATER
87.52,29.07,64.05,NO_WATER
20.85,35.2,68.15,WATER_NOW
70.51,35.4,38.48,WATER_SOON
51.78,28.58,53.92,WATER_SOON
75.14,31.3,69.47,NO_WATER
61.04,28.1,61.34,NO_WATER
63.99,29.5,65.07,NO_WATER
54.38,19.2,61.29,NO_WATER
61.8,32.36,60.56,NO_WATER
60.47,35.11,71.82,WATER_SOON
51.93,28.51,49.93,WATER_SOON
84.83,33.77,73.44,NO_WATER
73.88,32.62,55.72,NO_WATER
12.74,29.32,80.2,WATER_NOW
54.14,23.2,52.92,NO_WATER
44.49,33.62,51.38,WATER_SOON
41.62,27.42,47.95,WATER_SOON
72.39,27.33,77.84,NO_WATER
56.7,22.88,48.29,NO_WATER
56.48,27.02,76.64,NO_WATER
5.42,35.93,46.82,WATER_NOW
51.97,31.59,68.69,WATER_SOON
54.82,29.2,57.34,WATER_SOON
44.51,33.61,75.92,WATER_SOON
12.16,36.23,30.64,WATER_NOW
8.23,17.29,65.24,WATER_SOON
84.15,31.72,20.0,NO_WATER
85.73,28.4,68.81,NO_WATER
81.18,32.06,65.17,NO_WATER
33.54,28.51,92.79,WATER_SOON
89.71,33.66,82.82,NO_WATER
37.95,30.6,62.54,WATER_SOON
78.49,26.58,78.01,NO_WATER
28.45,29.96,59.16,WATER_SOON
83.86,26.33,88.52,NO_WATER
51.32,30.99,67.63,WATER_SOON
11.67,27.48,70.15,WATER_NOW
13.59,27.72,96.76,WATER_SOON
28.72,29.1,47.44,WATER_SOON
34.81,28.39,46.19,WATER_SOON
31.58,21.49,72.55,NO_WATER
75.05,30.84,69.07,NO_WATER
48.25,37.55,56.95,WATER_SOON
60.09,36.5,77.04,WATER_SOON
27.4,21.04,79.43,NO_WATER
32.54,35.52,66.02,WATER_SOON
12.09,28.49,74.16,WATER_NOW
24.36,33.08,59.8,WATER_SOON
46.3,31.26,50.89,WATER_SOON
90.1,28.6,70.22,NO_WATER
52.66,27.82,66.88,NO_WATER
47.78,20.82,59.6,NO_WATER
47.85,28.79,75.75,NO_WATER
51.81,23.79,75.82,NO_WATER
33.62,28.32,61.19,WATER_SOON
92.01,24.3,43.95,NO_WATER
14.97,26.44,77.0,WATER_SOON
21.28,33.74,34.18,WATER_NOW
6.59,26.83,95.21,WATER_SOON
38.89,23.41,82.3,NO_WATER
80.62,33.35,66.54,NO_WATER
43.23,31.35,74.83,WATER_SOON
45.57,35.41,52.73,WATER_SOON
88.97,32.9,63.34,NO_WATER
85.04,31.75,47.28,NO_WATER
11.59,28.17,63.44,WATER_NOW
71.61,33.97,98.0,NO_WATER
43.25,25.53,35.75,WATER_SOON
53.9,25.13,80.0,NO_WATER
29.82,34.11,76.66,WATER_SOON
49.32,32.01,47.96,WATER_SOON
9.25,30.12,46.39,WATER_NOW
64.29,23.04,46.1,NO_WATER
60.06,24.13,54.91,NO_WATER
49.01,24.63,68.05,NO_WATER
36.61,26.44,90.66,WATER_SOON
8.36,22.4,71.86,WATER_SOON
94.6,30.07,62.69,NO_WATER
12.27,27.36,57.1,WATER_NOW
87.75,34.21,38.01,NO_WATER
24.45,27.36,71.67,WATER_SOON
41.57,15.11,63.25,NO_WATER
70.98,34.96,98.0,NO_WATER
32.12,28.49,55.0,WATER_SOON
94.64,34.93,72.43,NO_WATER
45.58,26.9,61.85,WATER_SOON
23.12,29.57,61.4,WATER_SOON
14.16,34.04,44.42,WATER_NOW
53.61,18.34,20.37,NO_WATER
36.18,25.39,60.46,WATER_SOON
27.77,25.84,60.63,WATER_SOON
23.06,25.8,84.56,WATER_SOON
18.19,38.85,56.94,WATER_NOW
55.06,22.16,80.44,NO_WATER
71.1,16.16,82.25,NO_WATER
61.06,34.63,82.09,NO_WATER
69.59,30.88,69.6,NO_WATER
58.81,25.84,94.49,NO_WATER
11.17,32.96,75.27,WATER_NOW
55.69,22.18,87.67,NO_WATER
81.14,29.61,68.53,NO_WATER
49.12,28.52,68.21,WATER_SOON
19.13,22.0,64.64,WATER_SOON
37.26,23.22,79.48,NO_WATER
48.76,31.05,81.54,NO_WATER
33.11,26.26,69.91,WATER_SOON
33.27,28.2,54.01,WATER_SOON
16.8,22.1,81.42,WATER_SOON
15.5,35.01,69.3,WATER_NOW
45.93,30.76,91.17,NO_WATER
77.56,31.1,67.52,NO_WATER
8.34,34.96,84.77,WATER_NOW
30.62,35.43,65.77,WATER_NOW
27.96,30.03,58.12,WATER_SOON
14.56,30.01,65.71,WATER_NOW
52.99,32.29,58.22,WATER_SOON
20.18,37.32,63.86,WATER_NOW
85.37,26.3,68.13,NO_WATER
65.84,27.52,50.83,NO_WATER
52.73,22.9,66.25,NO_WATER
91.31,29.59,39.24,NO_WATER
39.59,42.0,57.32,WATER_NOW
73.58,26.93,93.64,NO_WATER
68.36,32.45,77.8,NO_WATER
6.17,25.59,54.46,WATER_NOW
27.17,17.99,61.76,NO_WATER
43.05,30.9,64.28,WATER_SOON
81.95,27.7,63.63,NO_WATER
92.98,25.42,69.2,NO_WATER
23.45,17.95,69.68,WATER_SOON
15.37,28.39,48.51,WATER_NOW
46.92,32.24,40.91,WATER_SOON
78.64,34.5,29.19,NO_WATER
73.09,22.48,52.76,NO_WATER
27.72,31.59,85.93,WATER_SOON
81.83,26.5,33.95,NO_WATER
28.17,32.87,50.81,WATER_NOW
11.06,21.25,66.22,WATER_NOW
22.0,28.17,62.18,WATER_SOON
84.45,34.45,85.97,NO_WATER
56.02,26.67,59.06,NO_WATER
49.29,36.43,66.54,WATER_SOON
75.45,30.13,59.42,NO_WATER
62.82,25.82,67.41,NO_WATER
88.7,27.53,98.0,NO_WATER
18.71,31.41,53.18,WATER_NOW
75.23,36.76,60.87,NO_WATER
30.18,24.85,27.68,WATER_SOON
18.54,30.96,34.57,WATER_NOW
10.79,37.76,88.67,WATER_NOW
51.61,28.56,72.36,NO_WATER
76.01,23.75,48.74,NO_WATER
64.03,28.67,78.0,NO_WATER
32.16,35.29,82.81,WATER_SOON
92.19,31.78,61.33,NO_WATER
12.73,27.25,45.64,WATER_NOW
56.07,21.1,69.83,NO_WATER
74.9,34.86,74.92,NO_WATER
36.65,31.46,83.13,WATER_SOON
23.36,25.55,70.32,WATER_SOON
19.05,32.48,61.5,WATER_NOW
88.65,24.59,67.3,NO_WATER
24.8,31.96,90.46,WATER_SOON
38.36,22.9,60.38,WATER_SOON
76.78,15.0,89.31,NO_WATER
17.58,27.79,66.05,WATER_NOW
31.42,30.23,68.55,WATER_SOON
6.71,34.36,47.92,WATER_NOW
26.3,32.56,39.24,WATER_NOW
26.72,16.86,60.19,WATER_SOON
18.88,32.36,82.53,WATER_NOW
37.54,29.48,66.32,WATER_SOON
48.8,23.11,75.08,NO_WATER
37.17,29.82,75.16,WATER_SOON
88.67,41.4,36.24,NO_WATER
62.08,27.51,63.87,NO_WATER
58.28,27.09,81.98,NO_WATER
69.64,32.8,52.98,NO_WATER
85.34,38.87,59.86,NO_WATER
57.31,25.52,98.0,NO_WATER
22.56,31.12,98.0,WATER_SOON
73.83,29.15,98.0,NO_WATER
50.24,33.21,74.76,WATER_SOON
53.9,33.35,62.06,WATER_SOON
85.83,25.4,73.5,NO_WATER
7.48,31.21,74.59,WATER_NOW
78.78,21.95,41.96,NO_WATER
51.99,37.99,83.14,WATER_SOON
12.63,38.77,56.57,WATER_NOW
81.09,22.28,87.12,NO_WATER
24.73,29.64,97.36,WATER_SOON
15.98,32.17,58.69,WATER_NOW
84.99,31.77,56.73,NO_WATER
71.12,33.95,67.4,NO_WATER
30.32,29.0,57.34,WATER_SOON
21.59,39.55,81.78,WATER_NOW
73.07,25.88,69.22,NO_WATER
14.03,31.19,87.81,WATER_NOW
30.52,27.82,58.06,WATER_SOON
47.05,32.66,93.52,WATER_SOON
44.11,34.18,44.6,WATER_SOON
72.46,34.0,96.47,NO_WATER
76.62,27.73,20.0,NO_WATER
32.49,28.18,50.26,WATER_SOON
83.13,26.18,77.84,NO_WATER
16.54,23.21,93.62,WATER_SOON
88.51,38.51,20.32,NO_WATER
13.51,20.77,86.88,WATER_SOON
37.97,36.05,84.96,WATER_SOON
38.38,28.8,46.45,WATER_SOON
35.81,17.34,60.89,NO_WATER
91.32,30.78,65.57,NO_WATER
30.79,26.19,74.22,WATER_SOON
59.19,26.48,54.73,NO_WATER
83.82,21.93,51.28,NO_WATER
46.21,40.45,80.55,WATER_SOON
11.63,32.75,26.8,WATER_NOW
33.54,25.5,59.1,WATER_SOON
72.62,32.53,85.73,NO_WATER
73.5,31.3,69.45,NO_WATER
77.24,21.87,59.36,NO_WATER
17.09,21.21,72.43,WATER_SOON
20.9,33.3,60.14,WATER_NOW
70.72,27.16,94.78,NO_WATER
44.93,34.18,93.73,WATER_SOON
38.8,28.81,65.56,WATER_SOON
93.79,42.0,51.47,NO_WATER
25.93,31.81,98.0,WATER_SOON
66.75,30.85,76.7,NO_WATER
20.84,25.19,98.0,WATER_SOON
33.84,22.26,23.03,WATER_SOON
56.62,26.96,63.03,NO_WATER
38.2,28.75,47.38,WATER_SOON
51.76,37.48,43.51,WATER_SOON
6.82,25.73,46.65,WATER_NOW
45.17,29.93,63.26,NO_WATER
94.18,26.34,69.89,NO_WATER
14.78,36.6,39.27,WATER_NOW
61.42,34.79,85.27,NO_WATER
94.84,32.97,39.99,NO_WATER
14.53,26.31,98.0,WATER_SOON
58.41,33.32,62.92,NO_WATER
70.16,27.15,48.0,NO_WATER
94.95,27.61,67.61,NO_WATER
53.64,33.15,83.65,WATER_SOON
70.57,31.73,72.2,NO_WATER
37.16,23.01,97.69,NO_WATER
58.97,23.71,35.88,NO_WATER
12.14,25.76,76.68,WATER_SOON
64.66,23.63,56.63,NO_WATER
14.11,30.33,97.67,WATER_SOON
66.42,37.12,36.34,NO_WATER
74.18,30.03,52.8,NO_WATER
23.63,28.15,54.75,WATER_NOW
26.84,34.14,70.12,WATER_NOW
76.44,29.73,64.2,NO_WATER
88.72,34.76,59.98,NO_WATER
35.51,22.56,67.26,NO_WATER
19.06,31.84,72.68,WATER_NOW
18.83,27.95,66.85,WATER_SOON
17.45,36.22,80.4,WATER_NOW
34.22,23.33,58.94,WATER_SOON
74.0,29.14,48.28,NO_WATER
14.25,24.51,98.0,WATER_SOON
69.6,38.07,53.74,NO_WATER
93.58,27.23,63.61,NO_WATER
22.59,22.34,71.45,WATER_SOON
73.54,31.14,48.66,NO_WATER
82.45,19.99,70.81,NO_WATER
10.46,30.95,58.56,WATER_NOW
63.78,28.39,48.32,NO_WATER
86.77,21.77,89.48,NO_WATER
72.08,28.5,39.9,NO_WATER
50.57,22.34,26.21,NO_WATER
31.53,39.36,61.33,WATER_NOW
56.11,32.06,93.45,NO_WATER
26.09,33.55,77.5,WATER_NOW
26.41,39.6,78.32,WATER_NOW
18.89,29.46,56.01,WATER_NOW
24.06,29.46,98.0,WATER_SOON
68.92,30.75,48.24,NO_WATER
10.3,26.56,75.94,WATER_SOON
49.15,28.36,36.9,WATER_SOON
67.0,26.25,64.59,NO_WATER
69.51,21.86,86.28,NO_WATER
39.91,22.96,63.74,WATER_SOON
23.22,27.9,79.48,WATER_SOON
38.0,22.04,66.32,NO_WATER
87.31,30.07,72.33,NO_WATER
78.97,26.37,77.68,NO_WATER
52.47,28.28,77.73,NO_WATER
62.46,37.98,76.96,WATER_SOON
37.1,20.24,88.9,NO_WATER
25.31,27.18,54.22,WATER_SOON
53.4,32.73,72.09,NO_WATER
40.67,26.3,66.3,WATER_SOON
26.41,23.35,85.87,WATER_SOON
34.89,26.46,76.28,WATER_SOON
76.1,29.95,65.96,NO_WATER
19.92,29.4,47.16,WATER_NOW
75.9,26.21,30.64,NO_WATER
11.78,37.58,68.11,WATER_NOW
38.6,34.64,80.62,WATER_SOON
24.29,24.31,41.99,WATER_SOON
89.24,25.82,93.61,NO_WATER
78.94,30.25,62.77,NO_WATER
50.96,24.67,64.57,NO_WATER
87.08,32.97,57.32,NO_WATER
78.43,30.03,59.98,NO_WATER
80.23,15.14,56.57,NO_WATER
73.67,25.85,85.1,NO_WATER
63.45,33.59,85.75,NO_WATER
34.6,39.47,98.0,WATER_SOON
89.82,27.92,50.14,NO_WATER
6.8,38.07,54.88,WATER_NOW
76.82,28.72,50.62,NO_WATER
79.49,34.66,61.43,NO_WATER
74.66,23.82,67.88,NO_WATER
36.67,28.34,38.91,WATER_SOON
51.84,28.57,63.25,NO_WATER
93.4,32.94,98.0,NO_WATER
5.4,29.08,64.05,WATER_SOON
33.09,29.93,63.1,WATER_SOON
79.29,23.43,98.0,NO_WATER
21.89,28.92,92.46,WATER_SOON
78.96,38.02,94.48,NO_WATER
71.86,29.13,98.0,NO_WATER
33.0,39.11,87.73,WATER_NOW
79.91,20.83,38.84,NO_WATER
84.23,31.74,44.43,NO_WATER
54.69,24.1,72.35,NO_WATER
33.48,35.44,44.42,WATER_NOW
59.93,25.89,98.0,NO_WATER
42.82,31.39,20.0,WATER_SOON
59.24,32.67,64.63,NO_WATER
81.1,29.31,49.78,NO_WATER
51.02,26.63,58.81,NO_WATER
13.1,30.89,77.66,WATER_NOW
34.81,26.68,71.74,WATER_SOON
61.31,42.0,50.14,WATER_SOON
44.52,39.0,60.7,WATER_SOON
5.57,33.52,66.01,WATER_NOW
44.59,33.78,66.61,WATER_SOON
87.45,31.88,76.58,NO_WATER
64.93,29.49,47.75,NO_WATER
9.02,35.8,58.8,WATER_NOW
74.72,35.07,75.22,NO_WATER
39.68,17.61,90.16,NO_WATER
62.63,32.04,47.82,NO_WATER
84.09,32.55,77.02,NO_WATER
61.56,29.4,78.24,NO_WATER
40.34,25.69,61.11,WATER_SOON
26.72,31.31,84.63,WATER_SOON
66.99,26.75,32.6,NO_WATER
58.09,34.17,36.4,WATER_SOON
62.74,24.48,83.28,NO_WATER
87.73,25.96,34.32,NO_WATER
15.19,28.68,73.99,WATER_SOON
13.15,28.15,63.26,WATER_NOW
44.37,36.78,70.25,WATER_SOON
61.44,31.0,29.96,WATER_SOON
48.13,35.87,96.73,WATER_SOON
82.9,38.16,64.68,NO_WATER
65.48,27.98,73.28,NO_WATER
21.68,19.81,52.16,WATER_SOON
85.6,35.08,98.0,NO_WATER
92.24,23.07,57.56,NO_WATER
94.14,30.74,66.76,NO_WATER
10.43,18.38,44.35,WATER_SOON
20.16,26.49,75.25,WATER_SOON
51.45,37.59,80.2,WATER_SOON
81.49,25.04,51.15,NO_WATER
81.88,26.16,60.46,NO_WATER
83.97,29.97,51.61,NO_WATER
47.75,36.21,98.0,WATER_SOON
10.79,24.63,36.21,WATER_SOON
18.86,23.16,64.34,WATER_SOON
44.01,28.34,20.0,WATER_SOON
63.01,22.56,83.69,NO_WATER
58.57,31.87,89.56,NO_WATER
79.08,32.63,60.61,NO_WATER
17.75,28.7,58.08,WATER_NOW
79.8,32.22,66.14,NO_WATER
29.53,19.64,84.16,WATER_SOON
81.52,32.04,39.64,NO_WATER
22.36,29.73,42.43,WATER_SOON
45.15,24.75,42.78,WATER_SOON
56.23,22.32,98.0,NO_WATER
6.77,24.2,64.81,WATER_SOON
94.21,25.3,56.57,NO_WATER
58.49,27.52,53.19,NO_WATER
34.36,26.18,84.15,WATER_SOON
88.26,27.43,57.48,NO_WATER
85.25,39.67,54.86,NO_WATER
88.55,37.84,70.51,NO_WATER
76.84,20.5,51.06,NO_WATER
48.46,22.51,91.97,NO_WATER
7.34,36.32,27.64,WATER_NOW
55.46,24.21,28.87,WATER_SOON
68.0,33.16,75.85,NO_WATER
78.25,33.63,51.93,NO_WATER
66.61,27.9,90.42,NO_WATER
81.99,25.33,92.94,NO_WATER
58.13,34.33,36.25,WATER_SOON
64.03,26.29,64.37,NO_WATER
9.71,34.65,67.11,WATER_NOW
57.75,32.79,51.09,WATER_SOON
45.72,23.02,82.22,NO_WATER
72.9,38.12,55.05,NO_WATER
67.45,24.01,92.63,NO_WATER
53.35,27.6,79.69,NO_WATER
77.08,28.68,59.94,NO_WATER
89.2,28.07,52.77,NO_WATER
86.22,35.64,62.49,NO_WATER
10.9,29.19,89.13,WATER_SOON
29.06,35.58,52.64,WATER_NOW
46.85,35.92,54.79,WATER_SOON
59.23,22.48,34.77,NO_WATER
30.22,26.27,84.89,WATER_SOON
6.66,26.72,35.15,WATER_NOW
72.68,25.59,75.09,NO_WATER
12.2,22.4,68.37,WATER_NOW
40.02,30.11,75.31,WATER_SOON
31.56,20.9,65.35,WATER_SOON
75.74,25.71,71.72,NO_WATER
29.73,34.36,44.98,WATER_NOW
73.85,28.9,55.48,NO_WATER
17.45,32.15,66.54,WATER_NOW
27.44,32.88,53.02,WATER_SOON
33.46,28.06,68.33,WATER_SOON
69.0,23.41,40.55,NO_WATER
21.19,31.77,64.6,WATER_SOON
14.28,40.99,93.53,WATER_NOW
29.37,27.49,26.0,WATER_SOON
43.65,22.13,83.78,NO_WATER
72.05,32.8,70.94,NO_WATER
52.55,34.42,71.26,WATER_SOON
86.82,32.14,58.21,NO_WATER
82.95,22.1,42.24,NO_WATER
28.02,28.34,31.29,WATER_SOON
51.7,15.0,45.98,NO_WATER
66.05,34.96,64.23,NO_WATER
9.89,28.98,62.54,WATER_NOW
19.54,25.06,67.17,WATER_SOON
32.36,29.86,47.52,WATER_SOON
70.63,30.42,60.1,NO_WATER
5.97,38.2,64.26,WATER_NOW
83.24,27.95,61.71,NO_WATER
12.89,38.68,71.84,WATER_NOW
35.29,23.9,55.03,WATER_SOON
9.55,22.08,72.49,WATER_SOON
47.3,33.19,36.02,WATER_SOON
44.71,28.02,83.33,NO_WATER
52.86,33.19,70.14,WATER_SOON
55.12,23.07,91.58,NO_WATER
70.12,31.65,84.39,NO_WATER
42.67,29.52,57.14,WATER_SOON
90.22,36.17,50.5,NO_WATER
83.02,25.75,84.96,NO_WATER
15.75,28.16,73.31,WATER_NOW
41.93,35.14,49.45,WATER_SOON
57.42,30.53,95.54,NO_WATER
56.7,29.88,90.07,NO_WATER
56.83,27.08,56.31,NO_WATER
78.91,32.54,83.28,NO_WATER
31.58,24.08,58.33,WATER_SOON
78.18,24.17,52.38,NO_WATER
80.85,25.84,78.32,NO_WATER
84.31,19.58,71.96,NO_WATER
56.07,29.36,44.63,NO_WATER
8.16,30.89,88.39,WATER_NOW
90.71,22.63,81.58,NO_WATER
36.96,35.12,74.63,WATER_SOON
21.85,25.05,73.83,WATER_SOON
38.91,26.21,65.63,NO_WATER
70.08,28.55,52.31,NO_WATER
36.81,27.05,48.02,WATER_SOON
78.26,35.12,66.14,NO_WATER
90.79,28.59,96.19,NO_WATER
68.47,25.7,65.46,NO_WATER
90.98,35.99,43.23,NO_WATER
54.57,28.01,75.46,NO_WATER
11.4,34.12,61.73,WATER_NOW
14.91,25.88,80.27,WATER_SOON
94.74,30.37,49.5,NO_WATER
9.65,22.6,71.79,WATER_SOON
56.52,26.19,50.88,NO_WATER
59.59,31.77,73.89,NO_WATER
19.0,35.76,85.38,WATER_NOW
32.75,25.27,58.44,WATER_SOON
18.48,25.38,78.73,WATER_SOON
46.48,27.35,59.56,NO_WATER
79.59,24.97,57.56,NO_WATER
7.96,26.48,83.28,WATER_SOON
51.31,37.68,77.69,WATER_SOON
71.3,27.71,21.28,NO_WATER
50.98,25.87,47.71,NO_WATER
49.16,32.03,40.02,WATER_SOON
67.2,26.22,22.64,NO_WATER
17.97,23.16,95.93,WATER_SOON
56.04,35.68,75.37,NO_WATER
83.43,27.55,39.75,NO_WATER
87.48,23.67,60.22,NO_WATER
75.67,19.89,98.0,NO_WATER
72.64,33.3,75.57,NO_WATER
35.57,23.95,54.32,WATER_SOON
9.63,21.7,79.26,WATER_SOON
76.43,32.78,72.18,NO_WATER
29.35,26.21,73.25,WATER_SOON
66.74,19.58,71.24,NO_WATER
58.01,27.76,68.93,NO_WATER
47.24,23.99,46.46,WATER_SOON
62.28,27.74,90.67,NO_WATER
38.63,33.26,75.44,WATER_SOON
83.71,30.75,59.33,NO_WATER
30.25,25.31,49.03,WATER_SOON
64.21,33.79,58.58,NO_WATER
39.91,38.57,33.14,WATER_NOW
63.74,31.71,52.94,NO_WATER
49.42,26.65,56.93,NO_WATER
36.92,17.58,46.17,NO_WATER
82.64,20.98,69.12,NO_WATER
5.55,23.96,60.13,WATER_NOW
40.63,23.26,49.68,NO_WATER
65.99,29.6,64.36,NO_WATER
38.15,35.24,45.13,WATER_SOON
82.89,36.24,66.03,NO_WATER
16.92,25.21,57.59,WATER_SOON
19.72,22.11,74.93,WATER_SOON
61.12,29.19,62.38,NO_WATER
73.25,26.62,57.02,NO_WATER
30.91,36.96,63.85,WATER_NOW
39.93,28.45,91.37,WATER_SOON
51.69,32.62,34.93,WATER_SOON
78.72,35.12,87.52,NO_WATER
33.01,26.73,86.45,WATER_SOON
65.5,21.44,32.79,NO_WATER
8.56,20.28,63.06,WATER_SOON
39.28,32.59,87.67,WATER_SOON
69.91,30.17,68.67,NO_WATER
46.08,38.25,57.46,WATER_SOON
41.9,28.78,71.59,WATER_SOON
87.73,20.93,45.77,NO_WATER
93.8,28.05,79.51,NO_WATER
35.93,21.67,70.85,WATER_SOON
52.14,25.79,54.98,NO_WATER
31.64,30.78,73.48,WATER_SOON
56.1,33.8,55.59,WATER_SOON
77.06,26.18,91.63,NO_WATER
84.39,23.09,47.25,NO_WATER
54.36,36.04,98.0,WATER_SOON
87.39,29.86,85.77,NO_WATER
29.68,27.58,80.72,WATER_SOON
91.45,27.15,66.66,NO_WATER
79.63,27.09,65.55,NO_WATER
80.8,27.7,46.07,NO_WATER
48.06,21.25,66.96,NO_WATER
29.53,23.31,30.78,WATER_SOON
21.15,32.36,50.32,WATER_NOW
43.36,23.5,59.13,NO_WATER
44.46,33.83,38.96,WATER_SOON
78.06,22.77,60.08,NO_WATER
5.85,27.79,81.27,WATER_NOW
91.46,31.07,54.68,NO_WATER
57.24,26.02,45.87,WATER_SOON
53.86,28.69,94.54,NO_WATER
47.39,21.16,68.5,NO_WATER
17.55,31.79,60.8,WATER_NOW
22.73,26.43,72.01,WATER_SOON
87.86,15.69,78.76,NO_WATER
21.0,27.16,76.98,WATER_SOON
63.18,23.35,57.7,NO_WATER
67.16,25.39,45.45,NO_WATER
63.55,35.95,60.14,NO_WATER
78.65,28.7,35.9,NO_WATER
80.39,27.46,83.08,NO_WATER
11.46,23.85,42.65,WATER_NOW
22.27,20.0,62.32,WATER_SOON
8.64,25.85,64.86,WATER_SOON
45.04,28.43,88.2,WATER_SOON
73.25,26.47,44.01,NO_WATER
49.79,35.68,28.17,WATER_SOON
11.34,32.65,85.03,WATER_SOON
57.57,31.01,98.0,NO_WATER
59.24,27.32,41.79,NO_WATER
44.41,27.61,59.01,WATER_SOON
19.02,25.4,48.96,WATER_SOON
87.89,32.91,96.38,NO_WATER
49.73,39.94,59.98,WATER_SOON
7.55,22.7,68.81,WATER_SOON
83.82,35.79,98.0,NO_WATER
71.16,27.12,50.83,NO_WATER
21.36,37.96,88.67,WATER_NOW
73.27,31.85,69.77,NO_WATER
58.68,28.77,59.18,NO_WATER
28.1,26.63,56.09,WATER_SOON
64.95,32.27,71.69,NO_WATER
59.28,35.53,89.87,NO_WATER
80.07,36.35,55.16,NO_WATER
86.26,32.74,54.05,NO_WATER
83.66,30.1,72.83,NO_WATER
79.54,20.77,77.94,NO_WATER
53.81,23.47,39.54,NO_WATER
68.69,25.13,24.39,NO_WATER
15.39,28.29,61.08,WATER_NOW
41.71,27.47,70.97,WATER_SOON
7.74,40.25,61.48,WATER_NOW
5.99,27.79,98.0,WATER_NOW
21.23,33.01,74.52,WATER_NOW
13.65,29.76,42.52,WATER_NOW
87.84,22.96,59.87,NO_WATER
26.85,34.81,98.0,WATER_SOON
6.7,24.73,77.53,WATER_NOW
78.77,28.35,59.46,NO_WATER
85.38,31.52,52.87,NO_WATER
45.75,29.42,71.3,WATER_SOON
76.69,24.88,56.19,NO_WATER
53.37,27.46,74.48,NO_WATER
67.84,23.83,53.81,NO_WATER
44.39,33.57,68.32,WATER_SOON
43.8,26.94,46.15,WATER_SOON
53.45,25.22,50.75,NO_WATER
91.33,24.22,54.87,NO_WATER
23.25,23.61,76.47,WATER_SOON
25.48,32.94,65.36,WATER_SOON
92.28,20.31,70.33,NO_WATER
91.76,27.36,62.08,NO_WATER
78.13,28.71,72.53,NO_WATER
50.69,25.56,55.87,WATER_SOON
73.37,31.13,63.06,NO_WATER
6.48,27.07,45.82,WATER_NOW
65.28,27.36,66.83,NO_WATER
10.85,29.67,69.69,WATER_NOW
77.24,22.93,56.54,NO_WATER
45.24,26.64,40.02,WATER_SOON
10.99,38.99,72.25,WATER_NOW
10.4,37.2,98.0,WATER_NOW
67.75,28.64,55.48,NO_WATER
66.43,36.5,52.76,NO_WATER
9.86,40.4,69.41,WATER_NOW
72.19,21.86,85.67,NO_WATER
88.98,29.21,60.24,NO_WATER
11.2,32.01,42.18,WATER_NOW
7.72,38.13,81.9,WATER_NOW
66.16,35.2,74.7,NO_WATER
66.75,22.93,56.26,NO_WATER
49.85,31.08,62.38,WATER_SOON
81.41,26.84,63.77,NO_WATER
57.78,28.82,26.66,NO_WATER
91.34,38.36,73.23,NO_WATER
29.4,30.02,74.56,WATER_SOON
8.25,30.77,67.86,WATER_NOW
45.98,29.99,71.29,WATER_SOON
49.68,26.79,52.23,NO_WATER
7.36,19.68,69.1,WATER_SOON
67.35,28.11,54.61,NO_WATER
75.75,39.09,59.4,NO_WATER
30.87,28.2,62.61,WATER_SOON
36.5,19.28,65.9,NO_WATER
80.78,29.15,58.68,NO_WATER
60.77,26.66,83.65,NO_WATER
83.29,25.19,63.87,NO_WATER
77.05,29.09,43.85,NO_WATER
54.58,27.73,56.29,NO_WATER
11.18,25.75,43.59,WATER_NOW
64.81,23.14,63.88,NO_WATER
79.68,27.98,55.77,NO_WATER
75.62,32.53,61.64,NO_WATER
81.45,28.09,57.2,NO_WATER
83.21,23.75,48.21,NO_WATER
58.97,28.32,69.94,NO_WATER
77.01,38.95,40.2,NO_WATER
32.11,29.78,65.31,WATER_SOON
65.68,20.54,60.06,NO_WATER
14.3,31.11,73.94,WATER_NOW
18.82,35.13,50.71,WATER_NOW
52.77,25.43,72.11,NO_WATER
93.22,35.32,57.91,NO_WATER
41.82,25.11,90.23,NO_WATER
45.37,24.12,26.0,WATER_SOON
70.11,32.82,83.25,NO_WATER
17.3,17.78,97.3,WATER_SOON
87.68,32.9,68.9,NO_WATER
87.69,23.78,61.06,NO_WATER
42.81,25.92,54.01,WATER_SOON
27.34,31.86,71.4,WATER_NOW
45.46,26.97,20.72,WATER_SOON
35.51,28.55,46.35,WATER_SOON
21.23,26.93,46.62,WATER_SOON
11.76,22.82,51.15,WATER_SOON
13.72,33.2,59.32,WATER_NOW
51.23,30.39,94.67,NO_WATER
16.17,24.39,77.16,WATER_SOON
47.09,30.65,48.7,WATER_SOON
48.25,26.48,96.99,NO_WATER
63.03,32.53,74.66,NO_WATER
62.75,31.23,74.68,NO_WATER
87.5,32.21,53.58,NO_WATER
68.49,28.95,60.07,NO_WATER
77.35,39.41,62.91,NO_WATER
44.34,34.56,48.86,WATER_SOON
84.76,24.17,58.02,NO_WATER
87.97,30.7,69.9,NO_WATER
58.4,28.94,66.72,NO_WATER
38.34,35.7,22.04,WATER_SOON
92.49,25.32,49.82,NO_WATER
82.86,38.88,50.31,NO_WATER
54.78,29.82,65.38,WATER_SOON
35.46,27.99,80.38,WATER_SOON
76.32,25.09,40.1,NO_WATER
7.39,29.37,46.96,WATER_NOW
58.43,20.85,88.19,NO_WATER
35.5,36.32,42.11,WATER_NOW
16.91,25.58,38.61,WATER_SOON
65.78,31.26,35.1,NO_WATER
8.61,22.74,52.11,WATER_SOON
18.99,28.81,74.77,WATER_SOON
12.89,35.21,67.8,WATER_NOW
69.5,32.81,38.07,NO_WATER
52.58,23.83,43.14,NO_WATER
32.45,26.06,58.73,WATER_SOON
50.41,20.81,78.7,NO_WATER
72.32,29.09,47.13,NO_WATER
5.33,20.66,57.34,WATER_NOW
93.2,34.15,48.49,NO_WATER
40.76,42.0,55.88,WATER_NOW
77.12,24.55,53.57,NO_WATER
91.04,27.72,98.0,NO_WATER
48.38,16.21,60.13,NO_WATER
73.08,27.59,91.93,NO_WATER
74.49,28.65,31.92,NO_WATER
44.16,24.96,28.4,WATER_SOON
45.16,40.19,63.73,WATER_SOON
42.24,38.49,71.55,WATER_SOON
44.45,30.31,90.77,NO_WATER
58.47,23.27,63.99,NO_WATER
34.89,28.55,66.1,WATER_SOON
48.43,30.7,75.41,NO_WATER
25.53,28.84,56.83,WATER_SOON
32.68,28.89,48.2,WATER_SOON
57.4,26.46,90.79,NO_WATER
27.0,23.16,98.0,NO_WATER
80.45,26.65,48.84,NO_WATER
37.85,26.87,48.85,WATER_SOON
38.65,28.99,33.76,WATER_SOON
74.19,31.51,90.25,NO_WATER
11.09,25.17,55.53,WATER_NOW
19.27,29.5,42.35,WATER_NOW
19.07,37.16,98.0,WATER_NOW
53.12,15.0,35.44,NO_WATER
9.58,25.21,45.76,WATER_NOW
77.93,34.51,78.43,NO_WATER
48.14,35.28,87.17,WATER_SOON
82.31,24.04,59.94,NO_WATER
50.5,18.77,68.42,NO_WATER
73.63,28.5,84.66,NO_WATER
57.66,27.83,50.26,NO_WATER
7.95,26.48,64.55,WATER_NOW
20.31,26.41,69.28,WATER_SOON
69.48,32.91,54.84,NO_WATER
11.78,31.14,74.93,WATER_NOW
74.69,22.79,74.84,NO_WATER
94.72,34.15,98.0,NO_WATER
9.66,37.88,90.09,WATER_NOW
24.56,28.18,38.04,WATER_NOW
21.88,23.94,75.58,WATER_SOON
88.66,33.41,55.69,NO_WATER
15.14,21.62,70.17,WATER_SOON
18.19,33.14,86.51,WATER_SOON
17.29,29.9,69.8,WATER_NOW
28.57,16.87,58.99,NO_WATER
92.21,20.95,93.85,NO_WATER
11.72,36.04,51.15,WATER_NOW
71.4,26.97,81.84,NO_WATER
12.26,31.49,79.09,WATER_NOW
89.21,23.36,64.35,NO_WATER
46.08,21.19,63.39,NO_WATER
26.49,29.48,67.74,WATER_SOON
24.72,29.31,98.0,WATER_SOON
12.7,20.66,82.07,WATER_SOON
69.49,28.75,67.6,NO_WATER
80.54,32.79,55.06,NO_WATER
63.79,32.36,77.1,NO_WATER
69.74,37.93,98.0,NO_WATER
8.89,28.01,65.38,WATER_NOW
82.66,29.25,82.91,NO_WATER
84.35,33.47,33.22,NO_WATER
59.76,29.83,64.59,NO_WATER
14.67,29.93,37.21,WATER_NOW
41.59,27.66,89.53,WATER_SOON
6.12,22.37,63.44,WATER_SOON
55.1,22.61,83.26,NO_WATER
52.83,28.55,77.34,NO_WATER
6.25,32.22,37.19,WATER_NOW
13.8,28.73,67.95,WATER_NOW
42.29,26.94,89.09,WATER_SOON
63.73,28.76,98.0,NO_WATER
79.03,28.78,69.68,NO_WATER
69.62,29.81,73.96,NO_WATER
20.73,22.44,91.85,NO_WATER
25.72,22.32,73.26,NO_WATER
6.1,26.64,43.39,WATER_NOW
81.47,30.31,69.4,NO_WATER
46.0,27.06,58.39,WATER_SOON
92.41,30.99,75.61,NO_WATER
36.18,27.76,55.85,WATER_SOON
84.88,34.04,51.85,NO_WATER
60.1,30.94,84.43,NO_WATER
88.75,20.75,90.04,NO_WATER
17.8,39.84,89.11,WATER_NOW
12.2,25.76,61.72,WATER_SOON
27.01,40.6,72.12,WATER_NOW
45.1,31.51,71.18,WATER_SOON
19.32,27.13,64.49,WATER_SOON
82.96,32.88,76.21,NO_WATER
72.95,33.07,98.0,NO_WATER
10.7,27.27,88.54,WATER_SOON
25.25,28.68,63.23,WATER_NOW
64.48,36.02,83.52,NO_WATER
94.42,18.67,60.71,NO_WATER
25.32,24.41,46.5,WATER_SOON
37.63,28.61,49.4,WATER_SOON
71.55,42.0,84.63,NO_WATER
30.93,38.71,39.65,WATER_NOW
46.5,34.79,98.0,WATER_SOON
63.14,29.18,64.72,NO_WATER
69.19,40.15,64.56,NO_WATER
76.32,29.58,42.11,NO_WATER
16.76,29.22,69.25,WATER_SOON
58.84,25.56,90.81,NO_WATER
53.28,30.6,84.28,NO_WATER
62.55,25.83,73.56,NO_WATER
80.25,31.53,80.74,NO_WATER
8.51,32.38,56.64,WATER_NOW
56.32,31.52,72.82,NO_WATER
54.53,31.34,72.28,WATER_SOON
41.45,30.9,74.9,WATER_SOON
33.34,31.37,64.94,WATER_SOON
81.12,36.68,58.43,NO_WATER
40.33,23.35,52.55,WATER_SOON
23.17,37.15,64.7,WATER_NOW
15.71,27.8,33.72,WATER_NOW
84.8,30.49,61.24,NO_WATER
57.36,26.11,60.18,NO_WATER
67.86,29.09,61.41,NO_WATER
52.74,28.98,59.58,WATER_SOON
73.09,32.53,70.2,NO_WATER
34.76,32.11,71.87,WATER_SOON
47.14,30.15,62.51,WATER_SOON
15.71,31.0,52.58,WATER_NOW
47.3,27.5,66.88,NO_WATER
49.51,28.01,61.8,WATER_SOON
11.57,30.73,55.98,WATER_NOW
22.16,25.84,57.91,WATER_SOON
33.13,24.25,87.58,WATER_SOON
65.13,26.63,57.11,NO_WATER
73.26,27.37,31.06,NO_WATER
73.53,32.78,98.0,NO_WATER
52.38,15.0,60.38,NO_WATER
24.29,31.38,69.69,WATER_SOON
59.85,38.91,83.45,WATER_SOON
29.91,33.9,74.5,WATER_SOON
41.15,28.45,98.0,NO_WATER
31.51,37.13,53.42,WATER_NOW
70.02,31.65,52.55,NO_WATER
68.56,35.72,73.28,NO_WATER
83.76,29.58,64.47,NO_WATER
51.99,32.31,83.87,NO_WATER
88.86,23.78,36.46,NO_WATER
61.98,26.8,84.39,NO_WATER
22.07,35.41,91.92,WATER_SOON
82.39,23.53,66.13,NO_WATER
9.83,33.27,77.7,WATER_NOW
5.05,26.53,70.18,WATER_NOW
72.28,22.31,36.25,NO_WATER
45.47,27.85,92.88,NO_WATER
27.79,33.6,51.54,WATER_NOW
38.58,24.47,58.8,WATER_SOON
26.84,27.51,65.3,WATER_SOON
32.42,22.19,61.69,WATER_SOON
9.05,36.54,48.49,WATER_NOW
43.62,26.69,34.34,WATER_SOON
29.67,29.79,66.13,WATER_SOON
84.13,30.67,77.26,NO_WATER
32.62,24.18,97.36,NO_WATER
79.62,27.2,58.91,NO_WATER
59.02,26.67,76.57,NO_WATER
33.93,25.25,79.1,WATER_SOON
53.53,34.85,84.64,WATER_SOON
77.81,34.85,50.77,NO_WATER
42.49,27.47,39.09,WATER_SOON
14.57,30.47,83.44,WATER_NOW
73.42,22.26,44.24,NO_WATER
76.83,20.37,54.52,NO_WATER
50.52,29.67,57.59,NO_WATER
36.8,25.4,80.78,WATER_SOON
5.21,31.39,64.1,WATER_NOW
58.48,33.16,47.7,NO_WATER
55.04,22.09,75.94,NO_WATER
20.09,37.62,56.57,WATER_NOW
13.57,32.48,76.19,WATER_SOON
32.02,24.76,66.82,WATER_SOON
78.55,24.67,45.18,NO_WATER
10.28,30.26,41.21,WATER_NOW
94.59,28.45,55.85,NO_WATER
14.07,32.81,51.89,WATER_NOW
15.31,37.54,48.8,WATER_NOW
8.87,19.14,35.88,WATER_NOW
32.87,28.52,64.9,WATER_SOON
27.1,31.81,25.45,WATER_NOW
31.76,37.11,52.4,WATER_NOW
32.21,30.64,69.77,WATER_SOON
88.42,33.04,86.97,NO_WATER
8.6,28.01,34.78,WATER_NOW
57.26,29.6,58.52,WATER_SOON
87.07,31.09,60.77,NO_WATER
61.9,24.85,66.04,NO_WATER
63.86,31.69,46.28,NO_WATER
31.85,38.29,62.75,WATER_NOW
77.62,19.78,50.49,NO_WATER
16.68,26.02,23.05,WATER_NOW
82.56,28.07,75.99,NO_WATER
12.42,31.29,70.74,WATER_NOW
23.79,16.77,94.62,NO_WATER
50.54,30.32,74.57,WATER_SOON
21.6,39.09,51.33,WATER_NOW
28.81,28.38,52.86,WATER_SOON
26.98,26.2,63.43,WATER_SOON
13.5,28.21,67.71,WATER_SOON
81.59,31.86,58.01,NO_WATER
63.65,27.81,26.94,NO_WATER
28.71,29.21,39.16,WATER_SOON
36.08,32.67,75.65,WATER_SOON
60.36,32.0,53.7,NO_WATER
16.55,26.03,34.73,WATER_NOW
27.35,21.62,84.7,WATER_SOON
55.61,26.68,59.73,NO_WATER
63.34,30.0,39.1,NO_WATER
88.07,31.33,44.01,NO_WATER
44.82,34.38,52.36,WATER_SOON
7.24,38.06,42.19,WATER_NOW
90.51,32.8,47.77,NO_WATER
22.52,32.84,51.54,WATER_NOW
44.53,21.25,70.6,NO_WATER
21.7,36.64,32.47,WATER_NOW
75.51,26.69,74.86,NO_WATER
22.04,26.3,39.9,WATER_SOON
92.28,29.64,38.53,NO_WATER
58.17,28.17,53.13,WATER_SOON
43.11,23.44,58.51,NO_WATER
29.81,34.42,56.26,WATER_NOW
33.4,24.77,65.21,WATER_SOON
33.95,28.16,69.98,WATER_SOON
36.15,27.23,52.73,WATER_SOON
51.89,33.92,57.29,WATER_SOON
87.45,33.31,55.19,NO_WATER
28.86,27.78,87.08,WATER_SOON
41.73,21.7,61.66,NO_WATER
58.59,29.59,61.36,WATER_SOON
86.88,22.24,54.5,NO_WATER
78.6,28.98,34.97,NO_WATER
9.13,20.48,80.84,WATER_SOON
38.08,30.22,69.7,WATER_SOON
81.17,27.15,51.29,NO_WATER
21.93,33.9,62.16,WATER_NOW
53.83,31.94,70.02,WATER_SOON
24.48,31.25,39.13,WATER_NOW
20.56,28.56,63.91,WATER_SOON
54.11,25.3,84.24,NO_WATER
35.81,23.83,61.59,NO_WATER
8.82,21.67,73.71,WATER_SOON
10.97,28.23,53.73,WATER_NOW
10.11,29.51,53.26,WATER_NOW
25.15,24.89,98.0,WATER_SOON
36.46,35.63,41.42,WATER_SOON
30.48,20.81,54.63,WATER_SOON
12.86,20.4,78.87,WATER_SOON
30.18,35.85,50.77,WATER_NOW
11.25,32.8,59.2,WATER_NOW
19.69,36.28,51.68,WATER_NOW
38.94,32.38,36.89,WATER_NOW
26.23,27.13,53.45,WATER_SOON
53.03,19.86,60.13,NO_WATER
71.29,35.75,89.92,NO_WATER
64.7,32.22,92.47,NO_WATER
37.37,39.75,59.08,WATER_SOON
9.91,31.83,87.0,WATER_NOW
45.6,21.92,58.48,WATER_SOON
39.83,27.04,74.38,WATER_SOON
6.3,21.88,49.42,WATER_NOW
58.9,20.57,59.87,NO_WATER
32.79,24.89,38.49,WATER_SOON
15.78,32.79,54.02,WATER_NOW
17.79,30.82,71.24,WATER_NOW
92.9,27.45,54.03,NO_WATER
58.43,32.59,52.51,WATER_SOON
88.86,35.39,66.74,NO_WATER
23.17,33.68,74.9,WATER_NOW
5.64,28.43,61.83,WATER_NOW
82.12,34.75,63.03,NO_WATER
47.15,23.31,34.73,NO_WATER
17.48,24.79,22.38,WATER_NOW
83.57,19.72,80.59,NO_WATER
92.36,32.91,88.06,NO_WATER
50.22,19.23,62.41,NO_WATER
17.15,28.33,24.62,WATER_NOW
86.75,32.2,55.3,NO_WATER
89.57,31.25,36.39,NO_WATER
73.83,23.49,53.08,NO_WATER
46.47,32.12,63.35,WATER_SOON
67.63,37.98,49.04,WATER_SOON
58.22,23.06,90.08,NO_WATER
93.74,23.65,53.74,NO_WATER
56.52,29.51,65.23,NO_WATER
66.69,30.03,76.11,NO_WATER
46.57,42.0,75.58,WATER_SOON
88.76,28.03,58.44,NO_WATER
44.71,32.28,54.86,WATER_SOON
26.31,33.77,39.83,WATER_NOW
35.45,33.73,92.56,WATER_SOON
90.14,30.4,75.04,NO_WATER
22.98,29.4,79.11,WATER_SOON
45.6,34.33,67.42,WATER_SOON
10.87,32.84,86.82,WATER_NOW
10.18,28.99,73.77,WATER_NOW
80.26,30.32,89.17,NO_WATER
21.96,27.31,68.71,WATER_SOON
88.97,33.96,50.96,NO_WATER
36.14,38.43,46.66,WATER_NOW
62.04,33.52,48.87,NO_WATER
57.51,26.87,84.34,NO_WATER
53.05,26.42,85.64,NO_WATER
19.91,32.73,73.76,WATER_NOW
68.34,28.39,58.89,NO_WATER
21.88,30.05,60.1,WATER_NOW
43.72,24.07,85.24,NO_WATER
13.42,27.78,32.43,WATER_NOW
55.18,20.82,68.77,NO_WATER
23.26,31.88,73.14,WATER_SOON
79.18,34.35,60.06,NO_WATER
21.6,34.13,62.96,WATER_NOW
23.7,20.79,58.09,WATER_SOON
32.93,26.25,87.01,NO_WATER
53.97,32.27,39.41,WATER_SOON
76.18,23.05,69.09,NO_WATER
19.47,26.2,98.0,WATER_SOON
81.99,27.8,45.66,NO_WATER
52.48,29.55,73.56,NO_WATER
81.87,35.38,68.18,NO_WATER
45.19,30.38,59.8,WATER_SOON
68.7,32.58,59.85,NO_WATER
84.5,26.38,58.12,NO_WATER
82.95,31.43,46.56,NO_WATER
51.74,29.9,70.02,WATER_SOON
35.9,37.44,44.77,WATER_SOON
74.17,29.12,42.84,NO_WATER
44.99,33.07,69.89,WATER_SOON
31.99,31.1,36.18,WATER_SOON
47.85,28.59,63.08,WATER_SOON
36.53,24.19,61.65,WATER_SOON
20.83,31.51,63.26,WATER_NOW
29.34,22.18,79.19,NO_WATER
27.85,31.92,38.56,WATER_NOW
28.16,30.02,46.3,WATER_SOON
35.33,38.35,80.72,WATER_SOON
25.76,36.39,70.44,WATER_SOON
25.3,29.04,40.08,WATER_NOW
57.44,30.38,56.64,NO_WATER
35.51,32.46,57.13,WATER_SOON
41.86,19.32,50.76,NO_WATER
58.15,29.98,81.57,NO_WATER
7.93,31.09,69.87,WATER_NOW
45.9,26.03,53.56,NO_WATER
38.5,23.14,55.5,WATER_SOON
18.83,31.56,57.2,WATER_NOW
45.75,36.54,26.46,WATER_SOON
6.01,33.08,38.88,WATER_NOW
89.97,28.45,59.38,NO_WATER
21.1,22.96,93.62,WATER_SOON
16.15,21.23,62.98,WATER_SOON
44.84,35.89,24.13,WATER_SOON
73.69,21.16,78.19,NO_WATER
27.88,26.17,78.46,WATER_SOON
45.78,22.53,71.56,NO_WATER
13.57,25.16,86.27,WATER_SOON
22.87,24.62,74.73,WATER_SOON
41.75,16.66,98.0,NO_WATER
85.61,28.31,39.09,NO_WATER
13.2,20.77,47.78,WATER_SOON
61.12,24.65,66.68,NO_WATER
85.85,33.32,82.86,NO_WATER
69.12,30.12,58.04,NO_WATER
86.62,28.85,43.75,NO_WATER
43.89,25.25,81.53,NO_WATER
44.41,26.35,74.65,WATER_SOON
16.8,39.26,48.95,WATER_NOW
15.26,32.09,27.11,WATER_NOW
7.2,31.98,65.88,WATER_NOW
39.05,32.18,49.72,WATER_SOON
34.62,18.3,74.93,NO_WATER
41.27,30.42,39.16,WATER_SOON
67.7,27.53,39.18,NO_WATER
16.86,30.37,69.91,WATER_NOW
34.31,35.12,83.39,WATER_SOON
46.63,29.64,70.85,NO_WATER
32.33,30.87,46.3,WATER_SOON
78.22,23.91,50.11,NO_WATER
45.79,30.07,76.37,WATER_SOON
58.96,27.42,84.21,NO_WATER
59.94,31.91,32.27,WATER_SOON
50.54,28.63,43.91,WATER_SOON
9.64,33.98,73.21,WATER_NOW
14.66,27.43,70.02,WATER_SOON
72.69,17.54,53.05,NO_WATER
34.53,24.64,59.29,WATER_SOON
20.3,24.12,52.32,WATER_SOON
6.27,31.28,62.77,WATER_NOW
14.0,35.01,70.21,WATER_NOW
41.24,29.8,58.8,WATER_SOON
7.0,39.19,70.47,WATER_NOW
67.04,29.49,76.09,NO_WATER
58.12,29.39,71.94,NO_WATER
88.41,37.05,45.17,NO_WATER
47.13,27.2,78.94,NO_WATER
86.41,23.16,54.6,NO_WATER
38.3,34.05,59.52,WATER_SOON
19.94,39.05,62.85,WATER_NOW
5.03,29.5,78.45,WATER_NOW
16.42,39.81,55.58,WATER_NOW
24.27,22.46,56.72,WATER_SOON
28.16,42.0,58.74,WATER_NOW
23.16,29.56,81.33,WATER_SOON
75.28,42.0,78.71,NO_WATER
7.38,34.54,46.17,WATER_NOW
42.67,33.47,57.79,WATER_SOON
73.07,31.0,54.38,NO_WATER
42.72,26.41,56.59,WATER_SOON
7.05,36.93,51.58,WATER_NOW
51.86,31.05,85.7,NO_WATER
34.51,31.34,77.94,WATER_SOON
54.21,35.49,77.4,WATER_SOON
40.35,28.79,51.17,WATER_SOON
31.32,28.02,91.33,WATER_SOON
80.32,27.99,66.78,NO_WATER
38.25,23.85,98.0,NO_WATER
89.38,32.18,39.97,NO_WATER
37.52,28.89,73.22,WATER_SOON
70.01,34.24,53.33,NO_WATER
78.81,33.96,61.32,NO_WATER
58.53,32.18,44.87,NO_WATER
13.47,26.55,98.0,WATER_SOON
69.78,33.71,65.03,NO_WATER
89.12,23.78,59.05,NO_WATER
87.83,42.0,66.32,NO_WATER
24.79,28.54,87.95,WATER_SOON
54.4,36.35,64.95,WATER_SOON
21.46,28.17,94.2,WATER_SOON
30.97,30.38,38.68,WATER_SOON
72.62,38.73,62.41,NO_WATER
6.1,22.26,85.97,WATER_SOON
47.28,30.25,85.52,WATER_SOON
72.11,28.88,78.77,NO_WATER
55.13,19.8,78.52,NO_WATER
32.86,38.67,64.82,WATER_NOW
61.43,24.88,55.62,NO_WATER
31.37,26.47,79.86,WATER_SOON
16.55,34.99,77.11,WATER_NOW
93.3,33.57,97.8,NO_WATER
9.37,28.3,75.58,WATER_NOW
41.02,29.93,47.78,WATER_SOON
37.07,35.44,58.27,WATER_NOW
76.93,33.1,64.09,NO_WATER
63.36,34.29,71.97,NO_WATER
76.16,28.41,64.53,NO_WATER
6.87,32.02,85.87,WATER_NOW
23.75,25.46,38.01,WATER_SOON
45.19,25.29,56.11,WATER_SOON
74.82,37.85,69.66,NO_WATER
19.29,28.95,84.64,WATER_NOW
42.21,30.38,60.99,WATER_SOON
59.53,35.16,51.91,NO_WATER
57.94,30.1,49.28,NO_WATER
91.98,29.92,43.32,NO_WATER
67.64,30.88,48.55,NO_WATER
53.35,28.21,72.03,WATER_SOON
75.09,25.01,76.69,NO_WATER
40.88,29.5,86.91,WATER_SOON
87.13,27.29,29.8,NO_WATER
61.66,27.82,61.88,NO_WATER
28.3,26.31,73.89,WATER_SOON
23.21,27.09,91.62,WATER_SOON
59.9,26.82,50.81,NO_WATER
6.61,31.36,56.24,WATER_NOW
39.05,23.36,98.0,NO_WATER
16.93,34.14,51.72,WATER_NOW
48.13,25.33,84.47,NO_WATER
36.53,30.85,66.44,WATER_SOON
60.88,41.05,98.0,WATER_SOON
62.63,25.65,83.29,NO_WATER
55.13,29.04,65.33,WATER_SOON
24.88,27.73,90.35,WATER_SOON
9.58,26.9,98.0,WATER_SOON
93.47,27.58,71.4,NO_WATER
8.14,29.67,92.33,WATER_NOW
51.7,32.88,45.94,WATER_SOON
32.69,28.67,81.64,WATER_SOON
76.6,23.5,62.78,NO_WATER
25.12,28.27,74.08,WATER_SOON
18.99,35.31,43.49,WATER_NOW
23.22,22.02,33.1,WATER_SOON
77.02,28.68,97.02,NO_WATER
43.83,34.73,73.99,WATER_SOON
12.48,32.35,72.3,WATER_NOW
57.02,28.39,71.61,NO_WATER
6.4,27.63,76.09,WATER_SOON
65.65,28.26,55.2,NO_WATER
28.04,27.49,27.5,WATER_SOON
63.62,29.3,59.55,NO_WATER
8.31,38.28,82.42,WATER_NOW
79.65,26.89,56.44,NO_WATER
50.65,27.04,43.15,NO_WATER
65.07,29.02,84.89,NO_WATER
66.88,28.02,68.1,NO_WATER
67.85,26.34,70.59,NO_WATER
73.49,17.86,48.27,NO_WATER
21.01,36.89,72.17,WATER_NOW
47.16,27.5,58.67,NO_WATER
87.12,25.35,80.08,NO_WATER
21.07,34.29,84.76,WATER_NOW
84.73,22.35,76.17,NO_WATER
7.89,26.53,36.11,WATER_NOW
42.87,33.07,71.13,WATER_SOON
85.1,27.84,64.91,NO_WATER
15.09,30.11,79.38,WATER_NOW
32.69,23.91,98.0,NO_WATER
62.74,25.96,60.78,NO_WATER
18.78,22.95,45.75,WATER_SOON
50.57,29.38,77.72,WATER_SOON
59.14,28.57,44.4,NO_WATER
15.43,39.6,48.28,WATER_NOW
32.64,24.46,55.78,WATER_SOON
66.59,27.71,66.31,NO_WATER
43.89,27.26,63.21,WATER_SOON
44.86,25.9,98.0,NO_WATER
29.55,24.44,60.46,WATER_SOON
39.02,32.6,67.29,WATER_SOON
74.6,26.74,76.89,NO_WATER
85.53,30.64,65.42,NO_WATER
8.71,37.62,48.93,WATER_NOW
67.83,37.1,40.35,NO_WATER
93.29,31.87,64.38,NO_WATER
7.82,25.73,51.86,WATER_NOW
33.04,29.72,77.47,WATER_SOON
43.7,28.09,40.68,WATER_SOON
24.39,32.43,49.84,WATER_NOW
69.92,20.79,64.89,NO_WATER
63.8,25.01,72.32,NO_WATER
8.25,23.23,96.15,WATER_SOON
42.42,31.84,60.31,WATER_SOON
88.92,34.13,71.86,NO_WATER
79.91,36.71,88.12,NO_WATER
57.11,31.35,49.91,WATER_SOON
29.59,21.41,58.26,WATER_SOON
32.96,31.11,44.38,WATER_SOON
53.11,23.39,55.48,NO_WATER
74.31,31.02,81.24,NO_WATER
27.12,34.48,34.62,WATER_NOW
25.27,29.56,68.79,WATER_SOON
27.13,33.68,58.74,WATER_SOON
31.55,26.93,31.34,WATER_SOON
29.75,29.05,93.18,WATER_SOON
77.12,21.79,75.07,NO_WATER
67.56,26.99,60.46,NO_WATER
44.81,31.39,65.44,WATER_SOON
58.87,32.28,25.96,WATER_SOON
94.55,27.37,47.57,NO_WATER
89.18,31.63,59.03,NO_WATER
78.1,28.96,92.89,NO_WATER
67.49,35.26,59.78,WATER_SOON
23.75,34.75,88.2,WATER_NOW
30.6,24.24,93.43,WATER_SOON
69.16,19.59,92.84,NO_WATER
52.74,21.16,51.86,NO_WATER
23.19,42.0,58.05,WATER_NOW
71.75,27.36,82.87,NO_WATER
93.2,24.4,47.74,NO_WATER
93.32,31.66,50.75,NO_WATER
35.07,18.88,60.17,NO_WATER
90.67,24.12,75.26,NO_WATER
45.97,34.57,77.5,WATER_SOON
53.68,23.57,52.72,NO_WATER
73.16,36.83,41.95,NO_WATER
77.08,32.79,75.45,NO_WATER
37.33,27.99,69.1,WATER_SOON
71.52,26.19,61.3,NO_WATER
92.32,15.25,48.45,NO_WATER
18.9,24.76,89.75,WATER_SOON
27.93,36.6,53.19,WATER_NOW
24.4,31.82,95.6,WATER_SOON
32.44,32.11,61.87,WATER_SOON
44.32,33.78,42.26,WATER_SOON
92.48,19.16,72.61,NO_WATER
80.9,35.0,20.0,NO_WATER
54.92,28.19,57.27,NO_WATER
14.37,31.83,41.29,WATER_NOW
33.62,22.6,71.5,WATER_SOON
35.02,33.27,87.33,WATER_SOON
58.01,22.15,67.96,NO_WATER
81.55,32.59,49.27,NO_WATER
84.53,18.08,72.19,NO_WATER
86.52,25.5,98.0,NO_WATER
60.6,28.45,46.71,NO_WATER
61.29,30.01,82.33,NO_WATER
24.8,38.19,43.25,WATER_NOW
85.07,27.28,67.97,NO_WATER
80.52,28.09,67.01,NO_WATER
78.78,34.36,47.96,NO_WATER
67.67,31.13,61.59,NO_WATER
9.8,25.86,33.41,WATER_NOW
76.73,24.9,74.07,NO_WATER
38.69,27.53,62.25,WATER_SOON
24.37,17.07,68.33,NO_WATER
15.34,31.58,64.74,WATER_NOW
49.41,27.83,43.04,WATER_SOON
5.07,27.15,94.77,WATER_SOON
49.89,30.81,97.93,NO_WATER
86.67,31.61,60.36,NO_WATER
62.47,24.16,33.92,NO_WATER
28.14,30.02,53.9,WATER_SOON
30.94,37.39,89.43,WATER_SOON
61.82,25.3,54.29,NO_WATER
87.38,35.3,45.37,NO_WATER
70.55,22.49,57.36,NO_WATER
82.46,32.15,46.42,NO_WATER
83.78,38.42,53.44,NO_WATER
60.33,29.77,53.7,NO_WATER
60.81,27.87,43.61,NO_WATER
71.82,27.6,83.39,NO_WATER
84.05,26.57,35.84,NO_WATER
13.39,22.29,31.58,WATER_SOON
75.63,28.78,51.03,NO_WATER
42.41,28.03,57.31,NO_WATER
61.72,30.87,78.07,NO_WATER
70.51,34.41,84.52,NO_WATER
19.57,21.37,72.35,WATER_SOON
66.43,25.53,30.35,NO_WATER
37.48,30.2,87.28,WATER_SOON
8.37,31.49,80.49,WATER_NOW
66.33,32.95,68.53,NO_WATER
53.27,29.94,98.0,NO_WATER
12.31,32.65,78.61,WATER_NOW
26.32,31.81,58.27,WATER_SOON
82.06,19.53,64.03,NO_WATER
10.29,28.61,49.77,WATER_NOW
19.9,31.46,67.56,WATER_SOON
45.18,27.2,81.04,WATER_SOON
44.69,25.97,70.62,WATER_SOON
53.0,19.74,47.28,NO_WATER
68.81,37.46,76.49,NO_WATER
69.45,19.04,64.99,NO_WATER
91.33,24.99,73.32,NO_WATER
92.11,26.47,51.01,NO_WATER
12.59,32.8,81.06,WATER_NOW
32.56,19.15,50.9,WATER_SOON
75.19,37.88,27.39,NO_WATER
46.27,26.18,74.61,NO_WATER
36.04,22.27,55.48,NO_WATER
44.56,15.0,64.53,NO_WATER
81.62,27.05,47.54,NO_WATER
59.79,16.39,36.12,NO_WATER
74.92,29.52,81.71,NO_WATER
72.39,33.87,71.24,NO_WATER
84.18,16.31,49.15,NO_WATER
82.65,35.25,68.86,NO_WATER
85.49,31.09,59.53,NO_WATER
48.52,29.92,64.09,NO_WATER
26.39,20.73,76.95,NO_WATER
82.77,26.58,68.17,NO_WATER
58.86,25.68,47.41,NO_WATER
71.67,25.42,54.87,NO_WATER
79.94,29.68,70.74,NO_WATER
12.57,15.64,66.68,WATER_SOON
31.94,36.59,74.61,WATER_SOON
64.26,24.71,83.16,NO_WATER
55.92,24.92,60.1,NO_WATER
52.77,29.87,74.99,NO_WATER
68.97,32.82,86.55,NO_WATER
38.7,32.69,48.64,WATER_SOON
35.84,31.91,74.43,WATER_SOON
48.49,25.6,87.61,NO_WATER
84.13,34.66,48.71,NO_WATER
18.82,28.78,46.49,WATER_NOW
79.22,27.68,74.53,NO_WATER
82.89,27.91,49.49,NO_WATER
58.3,28.91,29.2,WATER_SOON
51.65,32.62,53.79,WATER_SOON
40.56,32.42,98.0,WATER_SOON
88.89,23.41,98.0,NO_WATER
9.97,24.14,85.43,WATER_SOON
68.95,31.19,60.65,NO_WATER
70.32,27.55,51.38,NO_WATER
88.96,32.25,84.4,NO_WATER
54.7,39.42,78.67,WATER_SOON
90.33,26.67,78.13,NO_WATER
51.42,25.95,82.69,NO_WATER
9.26,28.88,52.23,WATER_NOW
57.75,20.07,73.11,NO_WATER
17.37,29.73,97.38,WATER_SOON
94.61,25.26,59.98,NO_WATER
17.6,25.0,69.27,WATER_SOON
61.41,32.18,26.74,WATER_SOON
75.57,21.43,83.05,NO_WATER
9.78,28.54,47.12,WATER_NOW
41.79,32.11,79.32,WATER_SOON
76.94,28.7,84.98,NO_WATER
84.32,32.17,66.1,NO_WATER
67.27,31.78,57.25,NO_WATER
73.45,28.19,74.86,NO_WATER
29.98,29.65,78.87,WATER_SOON
64.27,28.15,82.08,NO_WATER
12.78,30.65,50.2,WATER_NOW
88.65,36.65,68.53,NO_WATER
61.04,38.21,55.74,WATER_SOON
68.73,41.22,67.94,NO_WATER
94.08,28.05,64.64,NO_WATER
86.02,30.56,61.24,NO_WATER
17.72,26.26,69.25,WATER_SOON
76.12,31.27,94.12,NO_WATER
20.73,29.9,61.85,WATER_NOW
62.45,23.34,44.61,NO_WATER
90.46,31.29,77.18,NO_WATER
10.47,18.54,49.25,WATER_SOON
9.24,27.67,72.06,WATER_NOW
12.89,27.51,28.09,WATER_NOW
39.27,26.88,66.55,WATER_SOON
63.57,28.76,44.34,WATER_SOON
44.04,20.09,63.75,NO_WATER
28.7,22.24,62.9,WATER_SOON
60.31,22.12,64.75,NO_WATER
26.87,27.01,37.48,WATER_SOON
27.8,25.89,48.21,WATER_SOON
7.96,33.32,53.77,WATER_NOW
74.94,23.02,62.16,NO_WATER
85.12,27.66,42.89,NO_WATER
13.85,24.43,70.47,WATER_NOW
72.21,28.73,52.75,NO_WATER
82.37,26.11,71.68,NO_WATER
70.32,31.52,53.41,NO_WATER
7.12,25.92,41.22,WATER_NOW
39.77,31.72,77.45,WATER_SOON
81.8,31.07,61.74,NO_WATER
75.28,37.76,43.2,NO_WATER
30.35,34.85,71.7,WATER_NOW
77.62,36.14,72.64,NO_WATER
8.33,29.59,54.39,WATER_NOW
50.49,31.08,51.77,WATER_SOON
88.1,17.06,85.71,NO_WATER
77.52,41.38,73.18,NO_WATER
51.01,23.28,75.59,NO_WATER
64.15,30.9,55.6,NO_WATER
29.58,27.65,61.26,WATER_SOON
91.56,28.43,58.59,NO_WATER
43.56,29.82,66.05,WATER_SOON
15.3,23.81,68.09,WATER_SOON
23.24,26.44,46.3,WATER_SOON
8.05,33.37,73.46,WATER_NOW
91.79,25.94,91.44,NO_WATER
65.56,26.74,53.15,NO_WATER
11.57,30.93,70.24,WATER_NOW
8.87,20.04,53.81,WATER_SOON
70.64,20.93,59.77,NO_WATER
82.1,26.18,78.57,NO_WATER
49.26,19.68,73.26,NO_WATER
43.54,29.74,60.7,WATER_SOON
76.3,29.65,69.9,NO_WATER
94.91,42.0,57.19,NO_WATER
22.59,30.65,89.46,WATER_SOON
40.69,26.79,66.6,WATER_SOON
58.71,30.11,46.63,NO_WATER
79.13,27.8,72.95,NO_WATER
56.58,24.6,52.84,NO_WATER
18.82,25.69,57.3,WATER_SOON
78.79,34.91,20.0,NO_WATER
50.15,34.43,93.17,WATER_SOON
59.2,25.14,80.97,NO_WATER
56.19,27.53,65.19,NO_WATER
34.19,22.72,44.85,WATER_SOON
46.73,33.51,86.81,WATER_SOON
44.77,30.56,86.34,WATER_SOON
52.55,30.56,64.96,NO_WATER
29.08,35.38,62.2,WATER_NOW
72.15,23.59,72.92,NO_WATER
23.11,34.79,57.51,WATER_NOW
91.03,30.16,70.9,NO_WATER
11.08,36.61,63.07,WATER_NOW
74.18,20.46,64.65,NO_WATER
31.55,32.27,71.77,WATER_SOON
9.53,28.52,85.08,WATER_NOW
59.36,29.23,39.57,NO_WATER
77.86,35.36,40.39,NO_WATER
93.22,30.86,80.18,NO_WATER
76.61,33.5,90.0,NO_WATER
64.94,31.03,75.09,NO_WATER
78.87,38.56,54.47,NO_WATER
75.54,22.79,60.13,NO_WATER
46.49,26.5,51.83,WATER_SOON
64.59,19.17,70.86,NO_WATER
28.2,28.79,45.26,WATER_SOON
81.38,24.97,62.74,NO_WATER
63.65,38.19,93.12,NO_WATER
80.67,34.49,45.37,NO_WATER
81.81,21.08,47.27,NO_WATER
47.95,23.42,59.5,NO_WATER
31.67,32.31,64.33,WATER_SOON
16.31,27.93,75.34,WATER_SOON
15.81,30.54,34.47,WATER_NOW
5.11,22.28,68.21,WATER_SOON
7.62,28.77,88.44,WATER_NOW
40.36,29.73,72.26,WATER_SOON
56.73,32.23,81.09,NO_WATER
45.39,31.61,45.26,WATER_SOON
89.13,31.09,53.91,NO_WATER
65.07,27.74,77.42,NO_WATER
54.7,32.7,68.19,NO_WATER
33.84,34.16,65.51,WATER_NOW
81.22,26.25,67.8,NO_WATER
7.72,27.18,89.16,WATER_SOON
52.84,27.71,94.15,NO_WATER
45.04,29.94,45.93,WATER_SOON
15.45,35.01,64.38,WATER_NOW
94.4,28.95,51.32,NO_WATER
42.33,34.81,70.39,WATER_SOON
70.06,30.61,60.64,NO_WATER
36.96,29.38,98.0,WATER_SOON
30.68,26.58,79.28,WATER_SOON
84.23,29.65,50.09,NO_WATER
81.31,34.87,75.36,NO_WATER
78.16,31.06,35.17,NO_WATER
73.12,25.47,65.55,NO_WATER
39.2,30.16,73.66,NO_WATER
75.9,25.9,68.66,NO_WATER
51.41,30.28,82.6,NO_WATER
55.8,24.93,83.59,NO_WATER
35.29,26.85,98.0,NO_WATER
85.63,24.79,94.04,NO_WATER
71.76,39.79,73.47,NO_WATER
81.6,27.81,57.25,NO_WATER
67.35,25.74,79.7,NO_WATER
5.68,27.9,70.5,WATER_NOW
23.83,33.03,98.0,WATER_SOON
11.41,29.68,61.98,WATER_NOW
7.66,25.57,74.51,WATER_SOON
26.68,15.16,64.06,WATER_SOON
15.09,20.07,43.42,WATER_SOON
52.24,20.39,85.1,NO_WATER
74.28,17.31,52.86,NO_WATER
37.78,25.64,85.56,WATER_SOON
27.97,21.12,57.45,WATER_SOON
78.35,25.3,89.29,NO_WATER
63.04,21.0,76.38,NO_WATER
26.42,32.41,62.17,WATER_SOON
47.45,30.38,72.03,WATER_SOON
88.22,23.53,73.91,NO_WATER
94.78,21.75,84.39,NO_WATER
88.67,33.95,80.6,NO_WATER
60.53,26.74,81.14,NO_WATER
57.95,24.07,30.3,NO_WATER
59.57,30.06,68.71,NO_WATER
74.57,29.39,28.33,NO_WATER
58.99,28.62,75.78,NO_WATER
72.16,25.22,74.26,NO_WATER
21.45,35.6,62.88,WATER_NOW
39.17,21.87,85.04,NO_WATER
86.51,27.72,71.45,NO_WATER
51.58,22.61,53.43,NO_WATER
82.77,34.77,60.62,NO_WATER
53.19,27.35,65.66,NO_WATER
68.89,28.11,91.39,NO_WATER
36.97,36.28,74.98,WATER_SOON
86.1,36.13,79.05,NO_WATER
48.83,33.93,48.54,WATER_SOON
16.01,24.07,48.8,WATER_NOW
29.09,25.61,78.68,WATER_SOON
17.58,30.02,63.69,WATER_NOW
8.77,28.99,98.0,WATER_SOON
66.11,30.96,40.79,NO_WATER
39.11,36.58,31.24,WATER_NOW
77.71,26.05,56.8,NO_WATER
44.95,36.21,28.93,WATER_SOON
90.98,26.77,85.67,NO_WATER
64.66,24.23,65.81,NO_WATER
49.69,32.43,27.68,WATER_SOON
14.01,28.57,93.96,WATER_SOON
19.57,31.16,64.56,WATER_NOW
25.22,31.17,80.37,WATER_SOON
70.31,32.81,61.61,NO_WATER
32.57,33.88,47.89,WATER_NOW
78.51,28.37,37.43,NO_WATER
26.66,26.48,59.47,WATER_SOON
47.15,31.65,69.7,WATER_SOON
40.12,22.57,54.63,WATER_SOON
9.93,29.37,74.14,WATER_NOW
43.51,31.33,94.75,NO_WATER
20.88,30.24,92.52,WATER_SOON
86.06,25.95,27.67,NO_WATER
30.95,27.37,49.62,WATER_SOON
94.66,27.42,42.93,NO_WATER
65.01,35.06,22.52,WATER_SOON
82.25,26.41,66.14,NO_WATER
46.87,31.08,36.99,WATER_SOON
60.28,29.08,68.09,NO_WATER
8.64,31.13,56.67,WATER_NOW
6.69,34.75,96.05,WATER_NOW
40.75,34.92,55.48,WATER_SOON
22.31,26.13,68.98,WATER_SOON
83.06,31.83,69.87,NO_WATER
61.4,23.19,71.16,NO_WATER
54.89,25.05,64.79,NO_WATER
90.22,23.63,32.35,NO_WATER
50.74,23.89,32.45,WATER_SOON
31.36,31.33,39.12,WATER_NOW
22.05,37.37,66.25,WATER_NOW
64.6,29.95,73.1,NO_WATER
10.98,29.38,40.89,WATER_NOW
29.37,20.19,42.95,WATER_SOON
58.61,24.38,72.72,NO_WATER
54.14,40.79,80.02,WATER_SOON
18.51,25.9,80.78,WATER_SOON
58.1,26.4,54.13,NO_WATER
33.59,32.17,62.57,WATER_SOON
69.63,32.17,34.29,NO_WATER
71.73,28.95,98.0,NO_WATER
24.76,31.7,83.34,WATER_SOON
42.53,26.99,53.53,WATER_SOON
50.65,35.17,40.35,WATER_SOON
64.31,36.06,56.17,WATER_SOON
40.23,33.86,53.96,WATER_SOON
46.23,26.85,88.06,WATER_SOON
13.55,35.07,53.67,WATER_NOW
60.8,20.56,75.86,NO_WATER
74.65,30.24,66.77,NO_WATER
39.32,33.71,68.56,WATER_SOON
46.8,36.44,36.76,WATER_SOON
27.55,24.51,96.51,WATER_SOON
78.85,26.06,76.81,NO_WATER
64.22,35.54,60.29,NO_WATER
27.21,32.77,98.0,WATER_SOON
58.3,35.42,80.47,WATER_SOON
43.75,33.24,38.91,WATER_SOON
10.56,38.26,71.85,WATER_NOW
37.78,28.22,55.67,WATER_SOON
67.99,32.49,47.22,NO_WATER
48.8,33.32,42.67,WATER_SOON
43.41,25.03,48.45,NO_WATER
75.88,31.93,93.42,NO_WATER
17.9,22.52,63.7,WATER_SOON
8.68,30.32,71.71,WATER_NOW
49.39,28.05,71.21,NO_WATER
30.55,28.6,83.26,WATER_SOON
73.23,28.75,85.73,NO_WATER
61.91,26.07,98.0,NO_WATER
92.71,32.07,22.65,NO_WATER
38.78,20.68,77.44,NO_WATER
58.29,26.36,50.59,NO_WATER
53.65,27.14,71.01,NO_WATER
68.02,37.59,63.26,NO_WATER
24.98,28.19,80.11,WATER_SOON
8.27,17.95,58.66,WATER_SOON
47.68,31.47,31.96,WATER_SOON
33.32,22.92,49.44,WATER_SOON
88.41,29.11,98.0,NO_WATER
38.11,22.54,98.0,NO_WATER
88.66,30.89,80.18,NO_WATER
66.47,26.43,54.97,NO_WATER
14.38,32.51,57.49,WATER_NOW
34.17,35.15,57.37,WATER_SOON
90.28,28.82,90.5,NO_WATER
26.26,20.58,52.84,WATER_SOON
59.94,31.31,79.49,NO_WATER
44.11,34.3,40.15,WATER_SOON
16.42,28.99,53.63,WATER_NOW
68.81,22.25,56.27,NO_WATER
31.31,30.28,45.96,WATER_SOON
92.86,30.04,88.33,NO_WATER
67.84,28.28,50.31,NO_WATER
26.27,26.22,98.0,WATER_SOON
24.51,36.45,63.52,WATER_NOW
24.81,23.88,81.53,WATER_SOON
11.46,22.83,77.17,WATER_SOON
74.02,39.25,78.31,NO_WATER
21.03,34.21,95.58,WATER_SOON
54.47,27.37,59.79,NO_WATER
36.31,32.65,49.02,WATER_SOON
84.87,25.74,75.28,NO_WATER
40.57,31.33,48.78,WATER_SOON
79.91,26.2,69.34,NO_WATER
58.51,27.01,65.5,NO_WATER
17.57,33.59,61.48,WATER_NOW
94.3,33.78,57.7,NO_WATER
82.51,20.53,32.22,NO_WATER
21.06,29.92,61.05,WATER_NOW
10.59,36.73,26.7,WATER_NOW
16.36,21.15,65.36,WATER_SOON
74.11,28.35,56.11,NO_WATER
88.1,20.05,73.67,NO_WATER
25.49,37.59,55.72,WATER_NOW
93.61,37.82,43.65,NO_WATER
94.11,23.45,70.15,NO_WATER
38.3,29.2,49.59,WATER_SOON
73.7,20.75,76.36,NO_WATER
44.54,34.38,52.37,WATER_SOON
67.93,30.79,87.18,NO_WATER
82.14,28.5,89.32,NO_WATER
51.65,26.25,68.67,NO_WATER
30.96,22.35,78.27,WATER_SOON
83.69,31.96,59.68,NO_WATER
94.79,29.81,72.54,NO_WATER
69.84,31.11,75.9,NO_WATER
36.13,37.05,71.11,WATER_SOON
34.68,31.4,84.11,WATER_SOON
55.86,26.14,81.24,NO_WATER
56.18,19.02,65.43,NO_WATER
16.15,29.09,98.0,WATER_SOON
68.17,26.38,45.46,NO_WATER
35.72,15.0,70.91,NO_WATER
16.62,30.98,61.44,WATER_NOW
34.23,34.67,72.9,WATER_NOW
31.51,27.46,60.1,WATER_SOON
69.58,25.51,77.44,NO_WATER
72.48,29.04,69.87,NO_WATER
38.14,34.83,70.18,WATER_SOON
15.79,21.55,63.17,WATER_SOON
31.02,34.31,49.36,WATER_SOON
16.46,39.71,78.15,WATER_NOW
18.9,28.65,68.53,WATER_NOW
60.97,33.51,85.07,NO_WATER
35.84,24.62,49.65,WATER_SOON
14.31,18.38,62.38,WATER_SOON
46.56,22.69,31.91,WATER_SOON
41.0,23.05,42.05,NO_WATER
90.94,32.0,59.11,NO_WATER
93.96,29.7,62.86,NO_WATER
52.23,34.47,82.59,WATER_SOON
22.85,26.95,85.92,WATER_SOON
55.67,32.36,83.06,WATER_SOON
47.53,33.16,87.55,WATER_SOON
28.42,30.12,56.51,WATER_SOON
60.81,24.81,75.0,NO_WATER
76.02,35.4,71.02,NO_WATER
92.89,37.8,88.8,NO_WATER
17.12,22.35,26.57,WATER_NOW
31.31,28.12,20.0,WATER_SOON
13.38,26.22,83.4,WATER_SOON
40.43,18.58,75.52,NO_WATER
63.24,22.98,57.7,NO_WATER
10.35,20.58,98.0,WATER_SOON
70.36,28.48,65.08,NO_WATER
89.2,31.9,48.59,NO_WATER
67.14,31.42,75.71,NO_WATER
53.79,36.02,53.18,WATER_SOON
22.35,36.49,73.55,WATER_NOW
21.33,28.79,78.92,WATER_SOON
64.66,32.8,67.44,NO_WATER
55.64,32.1,59.4,WATER_SOON
54.9,27.82,31.33,WATER_SOON
26.38,36.36,58.53,WATER_NOW
72.46,20.62,47.82,NO_WATER
8.83,33.85,64.87,WATER_NOW
20.49,30.52,22.58,WATER_NOW
16.52,25.15,39.01,WATER_SOON
8.69,25.69,45.51,WATER_NOW
85.32,29.1,48.3,NO_WATER
7.45,26.29,63.35,WATER_NOW
89.23,24.17,52.75,NO_WATER
18.48,30.26,91.39,WATER_SOON
83.56,26.88,72.45,NO_WATER
41.18,28.14,26.96,WATER_SOON
80.35,24.63,54.65,NO_WATER
26.12,22.55,37.39,WATER_SOON
83.53,39.7,47.94,NO_WATER
32.94,22.92,92.3,NO_WATER
5.39,31.81,80.45,WATER_NOW
54.81,31.26,57.08,NO_WATER
65.21,37.95,93.31,NO_WATER
50.43,34.46,54.84,WATER_SOON
79.76,24.48,20.0,NO_WATER
37.28,24.45,77.79,NO_WATER
66.24,23.01,87.25,NO_WATER
19.32,32.53,39.88,WATER_NOW
11.41,25.29,66.84,WATER_SOON
22.85,30.05,42.26,WATER_NOW
6.9,29.85,57.16,WATER_NOW
77.19,26.9,52.89,NO_WATER
14.87,26.36,46.18,WATER_NOW
15.25,36.96,68.37,WATER_NOW
60.77,19.69,43.34,NO_WATER
41.45,30.15,65.81,WATER_SOON
86.21,21.19,68.47,NO_WATER
45.04,23.36,98.0,NO_WATER
76.42,27.13,75.25,NO_WATER
60.18,28.34,29.84,WATER_SOON
8.94,27.83,98.0,WATER_SOON
30.63,34.41,78.03,WATER_SOON
17.5,31.21,38.33,WATER_NOW
49.05,24.11,95.39,NO_WATER
36.93,26.54,37.31,WATER_SOON
43.78,31.12,72.49,WATER_SOON
57.89,33.61,44.73,NO_WATER
49.04,31.42,83.27,NO_WATER
80.85,28.96,51.11,NO_WATER
79.05,34.55,92.74,NO_WATER
33.71,30.08,61.38,WATER_SOON
20.77,30.02,92.04,WATER_NOW
66.67,22.22,88.23,NO_WATER
63.36,34.31,70.97,WATER_SOON
21.57,35.39,87.34,WATER_SOON
20.33,31.49,59.81,WATER_NOW
19.19,28.14,79.57,WATER_SOON
51.08,30.33,60.02,WATER_SOON
47.65,36.77,77.94,WATER_SOON
14.04,34.25,89.12,WATER_NOW
66.21,26.48,58.19,NO_WATER
94.48,20.57,57.43,NO_WATER
34.53,35.25,64.3,WATER_SOON
71.49,31.32,73.92,NO_WATER
18.57,29.0,61.45,WATER_SOON
80.2,31.65,78.29,NO_WATER
32.99,22.0,77.86,WATER_SOON
81.7,32.21,35.78,NO_WATER
49.43,29.74,76.07,NO_WATER
36.98,26.79,57.05,WATER_SOON
80.12,37.37,78.48,NO_WATER
60.1,30.16,42.63,NO_WATER
31.09,30.15,42.26,WATER_SOON
83.76,23.82,65.37,NO_WATER
9.42,28.41,78.47,WATER_NOW
94.23,40.06,56.2,NO_WATER
75.68,21.71,81.9,NO_WATER
17.38,42.0,87.8,WATER_NOW
57.63,41.54,58.25,WATER_SOON
93.2,28.93,56.59,NO_WATER
84.92,28.72,53.23,NO_WATER
84.01,27.21,30.1,NO_WATER
33.42,31.67,64.35,WATER_SOON
28.01,19.89,54.49,WATER_SOON
14.95,23.27,71.03,WATER_SOON
45.34,25.36,77.0,NO_WATER
13.75,23.1,92.28,WATER_SOON
89.83,27.87,55.35,NO_WATER
70.43,28.52,69.22,NO_WATER
88.6,27.7,79.87,NO_WATER
9.07,27.23,55.63,WATER_NOW
55.85,32.81,50.82,WATER_SOON
70.8,26.36,50.22,NO_WATER
66.49,29.41,94.21,NO_WATER
63.57,36.16,43.88,WATER_SOON
39.7,32.48,50.39,WATER_SOON
94.95,29.79,52.92,NO_WATER
42.52,22.99,47.89,NO_WATER
84.79,32.04,79.29,NO_WATER
18.55,35.23,73.24,WATER_NOW
42.78,26.48,67.66,WATER_SOON
39.66,28.67,50.86,WATER_SOON
67.08,22.53,72.25,NO_WATER
49.0,33.18,69.55,WATER_SOON
56.66,22.73,38.91,NO_WATER
6.81,25.13,75.29,WATER_NOW
69.03,27.23,47.07,NO_WATER
84.06,28.99,86.72,NO_WATER
80.71,23.59,52.25,NO_WATER
77.41,18.9,84.02,NO_WATER
28.52,33.11,83.04,WATER_NOW
20.33,25.15,45.94,WATER_NOW
74.95,35.37,62.9,NO_WATER
13.33,42.0,86.6,WATER_NOW
94.79,31.99,54.52,NO_WATER
50.38,39.2,69.33,WATER_SOON
51.67,34.42,54.96,WATER_SOON
35.07,20.13,82.06,NO_WATER
11.95,19.17,29.23,WATER_NOW
94.92,18.86,89.12,NO_WATER
63.91,31.05,92.93,NO_WATER
24.89,29.96,36.71,WATER_NOW
94.32,27.43,52.97,NO_WATER
65.74,37.87,71.51,NO_WATER
65.99,24.18,98.0,NO_WATER
75.57,22.14,58.47,NO_WATER
34.15,25.64,48.03,WATER_SOON
79.54,26.91,72.24,NO_WATER
63.67,29.73,73.12,NO_WATER
50.55,28.32,87.95,NO_WATER
40.11,34.44,36.07,WATER_SOON
29.43,24.94,40.96,WATER_SOON
84.52,28.04,63.05,NO_WATER
47.71,31.61,51.39,WATER_SOON
21.67,20.2,60.11,WATER_SOON
21.28,21.01,44.65,WATER_SOON
92.95,26.01,51.69,NO_WATER
61.61,22.52,55.06,NO_WATER
79.43,31.42,72.34,NO_WATER
85.72,21.97,35.4,NO_WATER
9.14,31.98,69.86,WATER_NOW
9.38,28.8,56.94,WATER_NOW
39.15,15.96,88.84,NO_WATER
28.63,36.96,62.94,WATER_NOW
81.45,24.71,98.0,NO_WATER
64.44,24.79,72.42,NO_WATER
69.52,28.58,76.41,NO_WATER
88.19,31.83,63.35,NO_WATER
53.33,24.48,65.62,NO_WATER
50.23,30.52,58.71,WATER_SOON
30.56,32.21,55.74,WATER_SOON
50.09,32.48,74.6,WATER_SOON
10.46,35.69,69.35,WATER_NOW
66.02,21.82,77.66,NO_WATER
79.56,33.24,84.92,NO_WATER
88.25,24.33,59.8,NO_WATER
48.25,28.71,91.64,WATER_SOON
74.08,22.27,67.78,NO_WATER
44.5,31.41,81.07,WATER_SOON
7.25,24.52,83.37,WATER_SOON
23.61,30.92,38.74,WATER_NOW
48.0,31.64,62.92,WATER_SOON
51.11,24.06,70.03,NO_WATER
45.34,30.66,98.0,NO_WATER
66.42,32.21,76.39,NO_WATER
33.94,31.28,52.22,WATER_SOON
57.47,22.53,61.23,NO_WATER
76.37,25.27,71.54,NO_WATER
8.95,32.6,82.53,WATER_NOW
77.37,16.04,98.0,NO_WATER
74.56,31.76,60.27,NO_WATER
69.54,30.94,26.67,NO_WATER
31.72,37.71,60.46,WATER_NOW
88.62,32.71,67.99,NO_WATER
89.96,32.99,98.0,NO_WATER
6.42,34.24,76.39,WATER_NOW
38.38,25.78,98.0,NO_WATER
82.47,23.2,41.43,NO_WATER
26.19,30.35,33.64,WATER_NOW
44.7,32.56,53.89,WATER_SOON
58.2,28.9,50.77,NO_WATER
47.3,18.75,48.47,NO_WATER
41.37,31.58,55.31,WATER_SOON
17.31,17.4,70.0,WATER_SOON
36.41,37.08,49.28,WATER_NOW
6.11,23.2,55.12,WATER_NOW
40.87,37.61,41.93,WATER_SOON
50.08,24.9,33.76,WATER_SOON
88.95,24.59,86.81,NO_WATER
69.76,23.37,72.57,NO_WATER
82.09,32.64,68.02,NO_WATER
13.1,29.02,64.4,WATER_NOW
76.86,26.82,48.74,NO_WATER
13.13,28.37,66.2,WATER_SOON
50.27,24.29,82.49,NO_WATER
57.88,26.66,72.24,NO_WATER
17.51,26.12,75.93,WATER_SOON
91.26,26.32,97.3,NO_WATER
34.2,30.75,68.37,WATER_SOON
22.31,15.0,65.13,WATER_SOON
26.16,25.71,79.77,WATER_SOON
51.43,29.49,44.07,WATER_SOON
42.41,32.47,74.45,WATER_SOON
65.11,32.43,77.59,NO_WATER
88.47,27.39,61.75,NO_WATER
79.45,24.53,53.33,NO_WATER
30.81,19.61,60.56,WATER_SOON
33.98,40.76,41.61,WATER_NOW
70.19,34.64,67.46,NO_WATER
28.81,32.94,38.7,WATER_NOW
64.04,29.84,68.94,NO_WATER
66.11,28.32,32.41,NO_WATER
12.8,35.17,74.66,WATER_NOW
42.26,23.53,75.43,NO_WATER
33.59,31.12,75.3,WATER_SOON
48.65,29.45,63.02,WATER_SOON
94.89,34.61,76.15,NO_WATER
82.36,28.05,27.41,NO_WATER
13.99,22.17,55.03,WATER_SOON
90.62,31.02,53.77,NO_WATER
73.4,38.6,71.11,NO_WATER
29.65,42.0,68.2,WATER_NOW
50.11,28.78,51.57,WATER_SOON
85.89,36.7,74.88,NO_WATER
63.68,23.77,86.32,NO_WATER
58.06,28.9,59.5,NO_WATER
35.82,35.15,59.72,WATER_NOW
81.45,35.92,85.0,NO_WATER
8.16,29.93,63.78,WATER_NOW
45.59,30.39,75.86,NO_WATER
73.22,29.06,53.89,NO_WATER
23.34,32.19,63.14,WATER_NOW
91.81,20.64,62.22,NO_WATER
34.86,29.36,74.12,WATER_SOON
88.05,34.25,87.99,NO_WATER
19.04,24.2,85.47,WATER_SOON
82.45,17.22,52.98,NO_WATER
87.26,27.83,82.79,NO_WATER
23.85,27.92,77.31,WATER_SOON
40.47,28.92,58.68,WATER_SOON
83.19,35.66,50.45,NO_WATER
77.24,24.92,68.55,NO_WATER
20.57,32.42,78.0,WATER_SOON
26.92,29.13,61.01,WATER_NOW
90.4,28.92,31.23,NO_WATER
51.73,23.99,74.71,NO_WATER
25.32,23.81,72.22,WATER_SOON
89.63,30.47,63.81,NO_WATER
55.67,23.26,60.66,NO_WATER
21.23,19.56,90.01,WATER_SOON
74.24,36.29,80.42,NO_WATER
49.6,37.84,70.01,WATER_SOON
18.89,33.14,58.66,WATER_NOW
89.34,24.12,45.21,NO_WATER
61.85,28.04,69.76,NO_WATER
9.26,25.46,95.88,WATER_SOON
83.88,28.15,88.43,NO_WATER
56.41,26.43,63.97,NO_WATER
42.83,15.0,58.94,NO_WATER
54.34,31.04,60.81,WATER_SOON
41.2,26.69,98.0,NO_WATER
36.91,28.7,98.0,WATER_SOON
80.36,29.48,75.83,NO_WATER
38.95,32.3,66.94,WATER_SOON
17.4,36.78,85.03,WATER_NOW
13.26,25.33,78.72,WATER_SOON
77.56,24.99,58.43,NO_WATER
52.74,30.36,74.59,NO_WATER
50.41,36.24,28.85,WATER_SOON
65.73,32.0,59.0,NO_WATER
28.83,30.72,48.63,WATER_NOW
18.55,29.76,61.85,WATER_NOW
81.0,36.69,42.93,NO_WATER
92.82,27.77,29.81,NO_WATER
68.44,33.62,48.79,NO_WATER
23.49,31.81,77.37,WATER_SOON
14.77,30.93,65.15,WATER_NOW
25.95,20.04,76.17,WATER_SOON
33.72,34.44,37.99,WATER_SOON
16.02,35.49,59.83,WATER_NOW
43.13,29.07,70.4,WATER_SOON
92.18,22.53,81.95,NO_WATER
75.82,29.67,81.41,NO_WATER
60.23,24.68,55.96,NO_WATER
88.4,30.98,59.59,NO_WATER
80.92,20.7,60.6,NO_WATER
72.66,30.2,79.81,NO_WATER
17.58,28.96,66.02,WATER_SOON
22.24,33.0,49.29,WATER_NOW
25.07,19.17,64.27,WATER_SOON
85.33,30.3,54.99,NO_WATER
7.27,25.78,88.23,WATER_SOON
35.57,29.76,43.64,WATER_SOON
48.14,24.83,55.82,NO_WATER
22.01,29.54,87.25,WATER_NOW
66.32,32.71,79.76,NO_WATER
55.08,30.49,76.66,WATER_SOON
14.96,37.85,66.05,WATER_NOW
17.73,25.71,57.06,WATER_NOW
31.29,38.45,64.31,WATER_NOW
35.47,40.23,77.65,WATER_NOW
76.62,28.79,79.24,NO_WATER
86.88,29.91,60.23,NO_WATER
75.88,38.31,40.64,NO_WATER
35.32,35.72,54.77,WATER_NOW
7.84,25.06,58.91,WATER_SOON
93.54,22.68,85.8,NO_WATER
47.65,25.74,70.43,WATER_SOON
80.98,35.18,84.26,NO_WATER
33.99,31.29,98.0,WATER_SOON
5.78,26.94,73.18,WATER_NOW
76.82,25.13,49.09,NO_WATER
88.95,31.83,98.0,NO_WATER
45.55,23.96,39.61,NO_WATER
42.5,25.36,59.36,WATER_SOON
52.83,19.88,53.0,NO_WATER
82.91,32.97,51.95,NO_WATER
10.22,21.25,62.73,WATER_SOON
43.29,30.63,32.6,WATER_SOON
40.35,24.35,82.94,NO_WATER
28.19,29.97,94.19,WATER_SOON
66.72,23.58,81.56,NO_WATER
22.01,18.22,46.12,WATER_SOON
27.97,23.16,74.03,WATER_SOON
33.2,36.64,65.11,WATER_NOW
36.18,27.92,47.36,WATER_SOON
40.39,23.92,79.76,NO_WATER
39.45,31.27,39.19,WATER_SOON
90.01,42.0,51.85,NO_WATER
16.69,31.17,84.87,WATER_NOW
93.61,34.41,77.99,NO_WATER
51.97,26.85,77.74,NO_WATER
50.93,37.1,60.77,WATER_SOON
33.94,30.74,55.32,WATER_SOON
47.19,32.16,61.83,WATER_SOON
11.59,27.04,70.54,WATER_NOW
85.9,24.26,55.21,NO_WATER
94.89,31.75,87.38,NO_WATER
6.83,29.43,77.84,WATER_NOW
51.06,32.41,87.41,WATER_SOON
7.16,27.14,57.59,WATER_NOW
14.5,31.38,38.14,WATER_NOW
9.51,35.36,85.97,WATER_NOW
18.81,36.44,73.63,WATER_NOW
72.91,26.23,68.69,NO_WATER
46.56,35.05,51.77,WATER_SOON
20.39,25.84,73.26,WATER_SOON
43.8,31.1,51.86,WATER_SOON
77.95,23.02,93.31,NO_WATER
94.9,29.36,57.55,NO_WATER
93.4,39.66,74.28,NO_WATER
6.96,27.07,76.3,WATER_NOW
26.92,28.68,48.25,WATER_SOON
21.29,32.22,64.33,WATER_NOW
11.36,26.56,56.0,WATER_NOW
82.27,25.96,75.9,NO_WATER
19.66,31.3,93.84,WATER_SOON
91.54,26.98,52.23,NO_WATER
52.67,27.58,49.26,WATER_SOON
79.47,25.13,65.82,NO_WATER
18.5,41.76,27.16,WATER_NOW
22.27,25.78,66.64,WATER_SOON
54.45,23.46,98.0,NO_WATER
58.17,28.5,71.33,NO_WATER
21.34,29.75,71.92,WATER_SOON
27.15,25.76,78.83,WATER_SOON
64.84,30.57,66.75,NO_WATER
56.2,29.17,62.26,WATER_SOON
50.75,27.97,61.08,WATER_SOON
90.5,27.48,85.29,NO_WATER
94.84,29.94,57.13,NO_WATER
89.74,21.17,37.18,NO_WATER
9.8,26.18,89.11,WATER_SOON
80.26,33.1,78.25,NO_WATER
54.57,30.66,91.06,NO_WATER
80.1,21.94,65.44,NO_WATER
9.06,26.63,44.5,WATER_NOW
92.6,25.2,69.4,NO_WATER
22.71,27.47,62.83,WATER_SOON
52.57,27.54,66.53,NO_WATER
38.37,29.89,94.66,WATER_SOON
25.89,24.18,72.38,WATER_SOON
33.87,35.94,31.27,WATER_NOW
67.38,28.44,62.01,NO_WATER
22.44,31.61,46.51,WATER_NOW
86.91,21.31,98.0,NO_WATER
35.74,29.38,46.84,WATER_SOON
32.18,37.88,65.04,WATER_NOW
10.14,32.33,55.18,WATER_NOW
72.37,27.93,33.62,NO_WATER
16.31,34.86,79.12,WATER_NOW
29.42,17.64,58.39,NO_WATER
84.9,26.93,93.65,NO_WATER
30.49,34.85,39.06,WATER_NOW
74.49,26.2,64.77,NO_WATER
69.81,25.38,98.0,NO_WATER
29.03,21.89,82.38,WATER_SOON
42.92,25.32,42.19,WATER_SOON
5.67,29.7,46.23,WATER_NOW
82.47,29.98,85.66,NO_WATER
42.26,42.0,62.59,WATER_SOON
93.89,28.19,65.99,NO_WATER
93.94,29.27,76.79,NO_WATER
56.41,28.41,79.72,NO_WATER
82.8,24.12,40.0,NO_WATER
56.06,23.33,48.67,NO_WATER
29.81,30.24,61.16,WATER_SOON
32.9,26.27,64.0,WATER_SOON
53.77,28.75,41.61,NO_WATER
86.03,23.97,98.0,NO_WATER
34.15,28.72,79.41,WATER_SOON
74.7,26.59,48.43,NO_WATER
68.65,29.9,56.51,NO_WATER
20.72,21.65,55.9,WATER_SOON
59.54,27.69,43.64,WATER_SOON
67.63,22.64,72.06,NO_WATER
19.65,19.9,51.45,WATER_SOON
36.03,37.25,87.88,WATER_SOON
23.85,30.11,61.21,WATER_SOON
57.62,25.79,54.6,NO_WATER
56.1,28.98,43.25,NO_WATER
44.83,18.51,82.87,NO_WATER
65.73,28.34,58.1,NO_WATER
73.94,28.29,80.29,NO_WATER
66.11,32.37,56.05,NO_WATER
45.34,27.75,68.68,WATER_SOON
55.67,29.79,93.69,NO_WATER
40.47,33.42,95.92,WATER_SOON
48.01,27.43,64.89,NO_WATER
83.14,29.54,63.98,NO_WATER
51.48,29.17,85.6,NO_WATER
62.19,25.07,74.4,NO_WATER
79.5,18.3,61.2,NO_WATER
94.19,36.48,73.53,NO_WATER
13.73,23.23,98.0,WATER_SOON
48.58,24.57,41.84,NO_WATER
40.64,22.39,43.3,NO_WATER
25.42,29.26,84.61,WATER_SOON
79.21,27.26,69.68,NO_WATER
31.02,33.69,60.2,WATER_SOON
59.56,34.51,66.18,NO_WATER
37.96,21.78,61.93,NO_WATER
11.31,31.78,75.61,WATER_NOW
67.6,30.72,72.0,NO_WATER
12.74,26.87,50.09,WATER_NOW
30.94,28.76,47.81,WATER_SOON
12.64,29.69,86.39,WATER_SOON
44.13,23.81,58.96,WATER_SOON
49.45,37.11,68.92,WATER_SOON
73.83,37.12,48.26,NO_WATER
74.51,27.26,57.33,NO_WATER
88.83,27.93,76.85,NO_WATER
74.72,26.18,51.21,NO_WATER
46.67,24.36,91.3,NO_WATER
58.61,36.47,81.65,WATER_SOON
52.65,26.83,52.04,NO_WATER
58.49,34.06,87.33,NO_WATER
70.91,32.89,64.93,NO_WATER
54.99,34.05,98.0,NO_WATER
32.73,33.98,74.09,WATER_SOON
40.19,33.2,73.24,WATER_SOON
62.34,34.04,79.81,NO_WATER
90.47,37.2,28.15,NO_WATER
94.54,40.63,79.4,NO_WATER
93.17,26.18,63.4,NO_WATER
32.17,27.39,65.43,WATER_SOON
65.03,28.83,71.47,NO_WATER
39.87,32.58,60.67,WATER_SOON
72.76,29.53,39.53,NO_WATER
17.03,34.28,46.92,WATER_NOW
78.43,28.95,80.68,NO_WATER
91.57,29.28,51.08,NO_WATER
37.96,26.18,81.71,NO_WATER
22.82,28.1,42.92,WATER_NOW
62.64,34.9,36.0,WATER_SOON
64.36,23.83,85.4,NO_WATER
15.95,30.74,29.97,WATER_NOW
19.54,33.35,62.58,WATER_NOW
12.6,36.45,64.99,WATER_NOW
71.51,24.53,68.38,NO_WATER
66.15,33.74,83.26,NO_WATER
77.99,29.37,58.78,NO_WATER
84.55,24.48,49.74,NO_WATER
88.22,24.98,49.15,NO_WATER
29.89,22.89,72.7,WATER_SOON
30.93,33.27,72.6,WATER_SOON
12.6,35.99,79.91,WATER_NOW
84.78,24.76,26.16,NO_WATER
61.92,30.04,50.92,NO_WATER
59.47,39.33,93.13,WATER_SOON
41.29,28.37,52.86,WATER_SOON
84.61,30.96,52.17,NO_WATER
81.68,31.07,79.4,NO_WATER
90.11,16.2,59.39,NO_WATER
51.36,30.95,77.16,WATER_SOON
60.3,32.45,66.43,NO_WATER
87.75,32.57,56.5,NO_WATER
32.61,24.15,71.22,WATER_SOON
59.29,20.22,87.36,NO_WATER
40.45,27.31,20.99,WATER_SOON
37.74,23.83,49.14,WATER_SOON
85.65,26.61,91.61,NO_WATER
65.16,42.0,69.82,WATER_SOON
82.43,31.85,61.05,NO_WATER
41.26,22.43,80.65,WATER_SOON
29.65,29.04,69.66,WATER_SOON
68.73,32.48,54.24,NO_WATER
54.86,24.1,62.74,NO_WATER
24.59,24.98,39.43,WATER_SOON
42.88,33.16,66.98,WATER_SOON
24.61,30.36,83.48,WATER_SOON
24.06,24.84,80.3,WATER_SOON
28.43,28.69,50.7,WATER_SOON
80.79,35.87,85.04,NO_WATER
45.95,29.73,54.6,WATER_SOON
27.25,23.94,42.24,WATER_SOON
32.13,25.63,73.92,WATER_SOON
80.23,29.1,69.93,NO_WATER
91.89,35.28,42.9,NO_WATER
74.8,26.02,70.39,NO_WATER
73.22,26.07,45.21,NO_WATER
38.63,33.15,82.81,WATER_SOON
46.51,29.38,61.35,NO_WATER
16.78,28.9,49.45,WATER_NOW
84.12,27.66,69.47,NO_WATER
44.5,20.8,65.51,NO_WATER
94.69,32.97,45.76,NO_WATER
58.68,25.15,70.71,NO_WATER
41.94,30.59,63.15,WATER_SOON
68.4,23.44,98.0,NO_WATER
68.52,33.53,62.6,NO_WATER
83.2,31.9,86.38,NO_WATER
69.32,38.98,61.15,WATER_SOON
22.08,28.93,58.61,WATER_SOON
33.1,27.88,86.16,WATER_SOON
59.22,28.11,98.0,NO_WATER
21.5,28.41,62.39,WATER_NOW
88.69,34.33,81.91,NO_WATER
83.8,16.0,68.11,NO_WATER
87.2,26.75,55.36,NO_WATER
13.25,28.69,64.3,WATER_SOON
44.61,30.25,86.84,WATER_SOON
78.53,22.3,80.85,NO_WATER
57.32,30.74,90.21,NO_WATER
40.09,26.3,81.06,WATER_SOON
54.24,31.16,60.61,NO_WATER
57.6,24.11,76.2,NO_WATER
77.89,27.04,88.29,NO_WATER
71.34,24.0,76.4,NO_WATER
28.23,25.59,60.85,WATER_SOON
44.34,28.19,98.0,NO_WATER
46.99,37.22,98.0,WATER_SOON
23.66,30.16,82.91,WATER_SOON
55.92,22.08,74.66,NO_WATER
10.25,23.39,56.67,WATER_SOON
20.24,36.31,70.14,WATER_NOW
76.81,29.27,26.85,NO_WATER
55.89,31.02,62.17,NO_WATER
89.33,23.23,36.68,NO_WATER
92.89,31.97,91.12,NO_WATER
18.97,23.6,93.9,WATER_SOON
6.46,20.54,98.0,WATER_SOON
44.33,32.16,72.06,WATER_SOON
55.64,30.69,68.71,WATER_SOON
55.63,20.59,63.0,NO_WATER
79.41,32.32,60.31,NO_WATER
47.06,33.99,82.25,WATER_SOON
25.12,32.26,90.66,WATER_SOON
90.56,29.73,69.44,NO_WATER
17.24,26.29,98.0,WATER_SOON
79.41,33.25,64.08,NO_WATER
64.82,20.04,80.26,NO_WATER
70.43,31.1,67.86,NO_WATER
69.34,31.2,48.87,NO_WATER
80.7,29.91,96.56,NO_WATER
18.75,20.21,56.41,WATER_SOON
69.22,24.9,52.4,NO_WATER
35.72,24.65,52.74,WATER_SOON
87.72,33.08,77.86,NO_WATER
82.09,24.24,65.3,NO_WATER
32.16,26.49,86.95,WATER_SOON
21.18,26.48,58.74,WATER_SOON
90.56,36.15,67.46,NO_WATER
58.04,33.21,97.23,NO_WATER
30.29,32.96,70.44,WATER_SOON
73.68,25.24,66.26,NO_WATER
75.69,28.12,88.78,NO_WATER
22.55,24.3,70.03,WATER_SOON
72.95,32.1,65.84,NO_WATER
9.15,26.07,74.25,WATER_SOON
71.14,33.99,43.51,NO_WATER
9.0,26.89,72.66,WATER_SOON
49.47,28.08,60.2,WATER_SOON
30.26,29.72,81.32,WATER_SOON
93.73,29.47,83.41,NO_WATER
9.73,28.29,83.18,WATER_SOON
93.41,25.15,54.31,NO_WATER
5.09,32.67,67.39,WATER_NOW
43.12,28.3,69.9,NO_WATER
47.87,30.47,66.02,WATER_SOON
11.32,25.86,90.93,WATER_SOON
28.27,26.96,65.88,WATER_SOON
5.43,27.39,48.92,WATER_NOW
39.13,31.47,69.2,WATER_SOON
42.22,26.74,41.38,WATER_SOON
31.53,27.66,88.33,WATER_SOON
82.11,30.24,78.51,NO_WATER
54.94,29.45,58.69,NO_WATER
27.7,30.51,52.62,WATER_SOON
26.08,32.74,41.84,WATER_NOW
6.12,26.61,91.42,WATER_SOON
77.04,20.32,84.68,NO_WATER
88.15,26.56,50.17,NO_WATER
47.6,26.02,46.7,NO_WATER
47.4,30.76,67.8,WATER_SOON
22.47,19.8,59.64,WATER_SOON
89.83,35.17,88.85,NO_WATER
89.0,30.02,78.53,NO_WATER
52.95,27.85,42.04,NO_WATER
91.32,33.19,79.62,NO_WATER
44.86,30.85,77.22,WATER_SOON
83.75,26.51,98.0,NO_WATER
40.65,26.51,54.55,WATER_SOON
29.06,28.64,46.49,WATER_NOW
5.6,39.85,64.16,WATER_NOW
77.36,30.29,41.3,NO_WATER
68.46,29.29,57.6,NO_WATER
15.69,27.23,48.74,WATER_NOW
55.33,27.8,60.11,NO_WATER
6.96,31.4,91.97,WATER_NOW
11.01,29.26,38.26,WATER_NOW
27.5,31.0,76.53,WATER_SOON
36.62,37.2,72.2,WATER_SOON
68.92,32.89,80.13,NO_WATER
49.24,30.0,81.13,NO_WATER
28.87,26.53,63.37,WATER_SOON
48.92,31.46,72.61,NO_WATER
18.65,23.53,88.9,WATER_SOON
14.96,30.69,75.8,WATER_NOW
40.23,28.51,91.04,WATER_SOON
78.47,22.77,55.05,NO_WATER
42.46,25.61,24.16,WATER_SOON
78.75,31.57,61.5,NO_WATER
71.0,20.8,71.76,NO_WATER
27.21,26.8,74.17,WATER_SOON
79.41,34.53,77.2,NO_WATER
94.18,37.37,57.43,NO_WATER
7.8,31.64,78.94,WATER_NOW
29.17,26.17,69.46,WATER_SOON
8.23,28.29,73.25,WATER_NOW
27.36,23.63,66.43,WATER_SOON
69.53,33.41,57.36,NO_WATER
46.25,35.8,73.09,WATER_SOON
76.5,38.44,83.62,NO_WATER
76.16,26.12,92.11,NO_WATER
87.97,27.67,73.14,NO_WATER
41.71,31.5,69.73,WATER_SOON
60.22,35.49,38.81,WATER_SOON
49.6,32.58,54.4,WATER_SOON
91.3,28.03,32.69,NO_WATER
26.97,29.03,69.18,WATER_NOW
50.79,19.47,93.82,NO_WATER
72.68,29.03,51.73,NO_WATER
93.61,23.4,55.57,NO_WATER
90.79,27.0,94.63,NO_WATER
28.14,26.57,64.23,WATER_SOON
21.74,25.83,86.41,WATER_SOON
17.55,31.1,97.05,WATER_SOON
94.05,30.45,73.32,NO_WATER
66.27,33.98,61.4,NO_WATER
18.3,30.24,45.3,WATER_NOW
32.63,32.48,59.65,WATER_SOON
70.67,26.74,69.82,NO_WATER
12.96,39.59,71.71,WATER_NOW
90.59,24.15,76.6,NO_WATER
88.89,28.37,89.95,NO_WATER
34.16,26.55,71.36,WATER_SOON
20.85,34.0,89.97,WATER_SOON
15.28,30.32,56.89,WATER_NOW
30.82,29.64,88.44,WATER_SOON
90.0,27.93,79.83,NO_WATER
9.21,28.5,46.03,WATER_NOW
61.85,29.13,80.97,NO_WATER
93.8,26.52,82.09,NO_WATER
22.37,26.95,87.34,WATER_SOON
66.46,24.1,92.15,NO_WATER
52.26,23.86,57.9,NO_WATER
33.06,25.04,63.15,WATER_SOON
45.44,23.39,70.14,NO_WATER
77.89,35.39,60.65,NO_WATER
92.46,31.5,63.99,NO_WATER
53.28,25.51,52.53,NO_WATER
5.06,18.66,51.01,WATER_NOW
20.34,23.67,90.04,WATER_SOON
45.93,31.29,63.73,WATER_SOON
22.4,27.89,57.15,WATER_SOON
81.48,35.53,72.55,NO_WATER
37.74,27.38,44.62,WATER_SOON
6.82,27.75,95.21,WATER_NOW
76.09,22.81,56.72,NO_WATER
9.45,18.18,63.86,WATER_SOON
46.74,24.99,59.19,NO_WATER
75.81,28.14,60.19,NO_WATER
79.4,26.95,20.95,NO_WATER
52.28,27.38,68.5,NO_WATER
24.5,32.17,47.28,WATER_NOW
75.05,35.2,61.06,NO_WATER
17.15,31.16,38.84,WATER_NOW
63.27,26.9,68.07,NO_WATER
19.79,29.66,55.29,WATER_NOW
22.46,31.17,49.9,WATER_NOW
78.95,24.99,71.75,NO_WATER
69.86,22.82,63.33,NO_WATER
60.56,27.92,41.39,NO_WATER
91.64,30.53,49.14,NO_WATER
34.69,29.9,45.07,WATER_SOON
5.17,26.53,51.81,WATER_NOW
47.46,34.79,66.27,WATER_SOON
92.63,34.63,69.78,NO_WATER
6.48,33.79,76.36,WATER_NOW
5.24,29.39,67.14,WATER_NOW
25.82,38.1,50.25,WATER_NOW
70.68,18.14,83.41,NO_WATER
18.76,27.5,67.91,WATER_SOON
8.02,30.84,88.52,WATER_SOON
49.78,27.61,68.7,WATER_SOON
28.71,30.87,66.42,WATER_SOON
65.62,24.29,49.89,NO_WATER
53.55,31.6,47.29,NO_WATER
15.54,29.12,62.78,WATER_NOW
7.14,28.24,45.53,WATER_NOW
76.56,25.13,61.92,NO_WATER
16.42,28.31,83.46,WATER_SOON
58.52,34.52,71.97,NO_WATER
42.5,36.56,60.13,WATER_SOON
70.46,37.47,54.94,NO_WATER
92.07,27.52,73.8,NO_WATER
81.22,25.88,94.21,NO_WATER
69.08,27.3,45.9,NO_WATER
28.81,32.82,62.82,WATER_NOW
24.52,25.96,64.57,WATER_SOON
12.03,35.87,60.86,WATER_NOW
54.74,28.86,55.71,NO_WATER
57.38,30.63,80.25,NO_WATER
32.14,24.44,67.93,WATER_SOON
83.55,28.65,79.51,NO_WATER
28.55,22.08,89.09,NO_WATER
93.31,25.51,55.7,NO_WATER
34.42,29.39,57.38,WATER_SOON
5.83,24.75,43.71,WATER_NOW
85.27,29.55,64.67,NO_WATER
63.33,22.97,81.55,NO_WATER
83.19,29.3,72.23,NO_WATER
33.88,35.18,65.29,WATER_NOW
53.0,20.6,57.88,NO_WATER
82.4,36.45,67.78,NO_WATER
65.77,26.69,80.68,NO_WATER
30.82,22.02,49.77,WATER_SOON
84.35,21.65,58.05,NO_WATER
27.91,20.37,33.6,WATER_SOON
83.14,23.83,75.7,NO_WATER
52.78,29.25,54.72,NO_WATER
70.85,33.44,97.09,NO_WATER
64.71,26.76,92.84,NO_WATER
41.62,30.93,67.29,WATER_SOON
34.09,31.13,70.56,WATER_SOON
86.96,41.86,71.04,NO_WATER
60.51,27.17,36.07,NO_WATER
15.98,29.97,83.34,WATER_SOON
59.99,29.15,88.33,NO_WATER
75.45,32.98,62.17,NO_WATER
79.57,36.9,50.69,NO_WATER
55.43,25.65,55.19,NO_WATER
52.43,33.21,76.43,WATER_SOON
33.1,30.41,97.94,WATER_SOON
32.16,28.65,53.73,WATER_SOON
12.9,39.29,98.0,WATER_NOW
8.08,22.87,71.33,WATER_NOW
90.71,26.68,36.85,NO_WATER
72.39,31.47,66.45,NO_WATER
35.15,34.14,83.48,WATER_SOON
54.15,38.81,44.66,WATER_SOON
91.38,30.46,45.42,NO_WATER
60.31,31.85,56.75,NO_WATER
84.95,24.09,49.36,NO_WATER
69.89,27.42,73.65,NO_WATER
27.47,19.69,83.98,NO_WATER
76.43,26.9,72.27,NO_WATER
15.37,30.08,46.33,WATER_NOW
19.18,37.62,60.68,WATER_NOW
12.96,28.51,40.93,WATER_NOW
84.46,37.15,40.51,NO_WATER
27.13,29.71,52.96,WATER_SOON
71.91,28.05,50.87,NO_WATER
52.41,37.09,46.53,WATER_SOON
30.93,27.24,77.17,WATER_SOON
57.67,29.61,42.54,NO_WATER
33.31,31.13,62.97,WATER_SOON
92.85,27.85,35.64,NO_WATER
36.23,30.62,67.37,WATER_SOON
20.88,24.38,56.13,WATER_SOON
91.36,34.7,48.73,NO_WATER
64.57,32.06,93.09,NO_WATER
61.08,36.09,86.0,NO_WATER
69.31,29.03,80.69,NO_WATER
8.47,31.22,67.05,WATER_NOW
87.39,21.13,63.04,NO_WATER
93.13,31.98,84.52,NO_WATER
43.16,22.82,97.94,NO_WATER
29.37,31.62,68.86,WATER_SOON
53.86,32.5,55.43,WATER_SOON
67.88,32.37,67.07,NO_WATER
60.59,30.16,68.27,NO_WATER
59.66,37.58,59.79,WATER_SOON
43.57,39.04,47.64,WATER_SOON
9.39,21.3,81.49,WATER_SOON
18.3,22.42,67.62,WATER_SOON
77.25,35.15,82.83,NO_WATER
7.68,33.1,78.27,WATER_NOW
5.29,26.29,65.04,WATER_NOW
17.48,25.88,64.84,WATER_SOON
64.66,25.25,37.06,NO_WATER
26.17,27.0,54.61,WATER_SOON
29.36,37.05,68.6,WATER_NOW
56.44,31.02,79.51,NO_WATER
57.94,27.09,59.73,NO_WATER
13.68,28.98,52.22,WATER_NOW
27.32,32.74,38.2,WATER_NOW
47.78,29.86,73.95,NO_WATER
28.78,21.38,28.08,WATER_SOON
9.69,39.52,55.46,WATER_NOW
83.49,31.05,66.93,NO_WATER
48.36,26.38,62.68,WATER_SOON
87.47,19.29,75.68,NO_WATER
8.48,28.37,75.55,WATER_SOON
72.89,32.36,98.0,NO_WATER
90.09,24.85,71.51,NO_WATER
33.32,24.05,47.24,WATER_SOON
16.55,31.27,83.05,WATER_NOW
18.16,33.72,72.28,WATER_NOW
45.35,30.98,72.28,WATER_SOON
73.75,33.23,87.46,NO_WATER
83.12,25.87,87.89,NO_WATER
28.35,35.91,64.9,WATER_SOON
13.11,34.56,55.18,WATER_NOW
77.93,22.09,80.66,NO_WATER
11.04,34.31,58.0,WATER_NOW
70.23,30.73,98.0,NO_WATER
87.95,30.23,63.94,NO_WATER
80.3,18.07,33.67,NO_WATER
74.77,25.31,58.3,NO_WATER
14.97,20.33,22.56,WATER_NOW
63.57,27.46,69.45,NO_WATER
42.51,29.35,69.77,WATER_SOON
45.39,32.75,66.75,WATER_SOON
34.78,26.95,47.65,WATER_SOON
30.78,32.89,78.15,WATER_SOON
91.38,27.17,98.0,NO_WATER
24.48,27.5,68.93,WATER_SOON
75.87,27.96,54.86,NO_WATER
14.05,23.49,66.99,WATER_SOON
40.55,33.01,98.0,WATER_SOON
59.43,34.1,48.36,WATER_SOON
33.46,32.54,39.91,WATER_NOW
49.94,24.43,67.36,NO_WATER
37.87,21.17,60.82,NO_WATER
69.75,21.99,32.95,NO_WATER
82.23,29.54,38.53,NO_WATER
67.76,20.75,61.36,NO_WATER
91.58,31.75,71.59,NO_WATER
89.65,30.2,81.22,NO_WATER
92.81,35.62,59.73,NO_WATER
54.76,28.84,66.35,NO_WATER
87.2,26.17,46.14,NO_WATER
23.14,33.43,33.29,WATER_NOW
61.29,24.1,56.64,NO_WATER
74.09,23.85,67.43,NO_WATER
25.94,30.54,65.57,WATER_SOON
86.99,15.0,57.31,NO_WATER
8.14,26.0,51.25,WATER_NOW
60.93,30.41,98.0,NO_WATER
92.75,26.78,74.16,NO_WATER
22.05,30.37,50.16,WATER_NOW
20.5,30.26,67.08,WATER_SOON
35.8,20.11,59.56,WATER_SOON
51.49,31.66,26.66,WATER_SOON
29.86,33.2,67.34,WATER_SOON
71.38,22.92,72.84,NO_WATER
28.65,37.79,79.64,WATER_NOW
62.85,31.28,72.1,NO_WATER
9.48,27.79,75.89,WATER_NOW
57.11,36.72,98.0,NO_WATER
34.53,29.37,90.66,WATER_SOON
55.77,35.33,46.85,WATER_SOON
67.84,24.09,65.74,NO_WATER
47.99,33.53,28.23,WATER_SOON
24.76,35.28,35.74,WATER_NOW
87.7,25.62,57.96,NO_WATER
20.22,30.65,81.26,WATER_NOW
56.78,33.13,76.99,NO_WATER
31.52,26.16,66.06,WATER_SOON
70.1,35.38,28.16,NO_WATER
18.72,22.98,84.71,WATER_SOON
50.6,31.9,51.26,WATER_SOON
75.36,23.83,47.7,NO_WATER
22.11,29.77,73.0,WATER_SOON
42.28,36.49,71.54,WATER_SOON
13.35,37.4,57.52,WATER_NOW
47.17,32.97,62.0,WATER_SOON
91.96,31.32,71.99,NO_WATER
55.33,31.96,57.4,WATER_SOON
78.3,31.23,77.66,NO_WATER
13.48,31.98,64.3,WATER_NOW
83.25,27.26,73.21,NO_WATER
34.34,31.94,53.84,WATER_SOON
49.46,26.59,41.73,NO_WATER
13.52,29.69,66.53,WATER_NOW
46.75,30.37,59.84,WATER_SOON
7.81,30.66,85.06,WATER_SOON
58.76,27.49,50.34,NO_WATER
52.77,30.72,89.99,NO_WATER
66.01,20.37,64.28,NO_WATER
23.47,26.91,55.02,WATER_SOON
44.87,21.73,50.78,WATER_SOON
65.47,34.73,65.01,NO_WATER
36.57,30.03,62.91,WATER_SOON
36.8,32.42,90.11,WATER_SOON
32.4,34.77,81.11,WATER_SOON
31.05,25.26,42.73,WATER_SOON
43.85,23.99,50.9,WATER_SOON
44.55,30.41,35.35,WATER_SOON
78.07,26.71,36.08,NO_WATER
89.47,25.06,66.22,NO_WATER
64.21,28.85,62.49,NO_WATER
42.89,30.24,71.53,WATER_SOON
39.67,28.66,46.33,WATER_SOON
39.67,33.57,59.14,WATER_SOON
56.83,29.0,98.0,NO_WATER
37.84,21.47,72.17,NO_WATER
29.72,32.6,73.18,WATER_SOON
75.27,29.69,63.46,NO_WATER
74.63,35.26,81.18,NO_WATER
53.25,37.07,45.14,WATER_SOON
45.07,28.07,30.72,WATER_SOON
22.39,42.0,67.27,WATER_NOW
45.21,26.22,48.0,WATER_SOON
48.18,29.59,93.13,NO_WATER
80.14,26.72,70.17,NO_WATER
79.82,29.88,20.0,NO_WATER
9.66,27.57,86.93,WATER_SOON
39.47,29.33,41.55,WATER_SOON
52.61,31.16,70.87,NO_WATER
14.52,24.51,52.51,WATER_SOON
84.92,31.22,20.0,NO_WATER
93.8,25.02,61.34,NO_WATER
70.56,29.18,80.11,NO_WATER
78.06,25.61,79.65,NO_WATER
47.52,39.35,50.42,WATER_SOON
20.32,24.68,45.04,WATER_SOON
65.6,26.01,37.62,NO_WATER
5.98,29.78,39.33,WATER_NOW
59.08,39.37,75.8,WATER_SOON
17.9,28.02,98.0,WATER_SOON
54.54,41.77,60.69,WATER_SOON
74.82,34.05,20.0,NO_WATER
72.13,38.52,52.91,NO_WATER
34.81,30.83,59.07,WATER_SOON
86.69,23.17,56.36,NO_WATER
50.88,39.61,61.15,WATER_SOON
56.74,36.86,66.67,WATER_SOON
11.26,28.49,60.19,WATER_NOW
77.67,35.36,73.24,NO_WATER
51.69,30.13,63.45,WATER_SOON
21.98,23.15,89.7,WATER_SOON
21.99,31.98,72.42,WATER_SOON
8.91,38.81,47.12,WATER_NOW
79.66,33.7,89.65,NO_WATER
76.85,31.43,69.71,NO_WATER
35.08,29.38,61.6,WATER_SOON
51.98,27.06,51.82,NO_WATER
52.13,29.23,98.0,NO_WATER
69.04,36.09,98.0,NO_WATER
44.86,30.23,83.39,WATER_SOON
17.18,28.51,62.99,WATER_NOW
7.8,20.47,47.11,WATER_SOON
68.83,29.88,41.2,NO_WATER
66.72,28.16,71.81,NO_WATER
47.46,28.73,63.98,NO_WATER
16.2,30.65,97.59,WATER_SOON
62.49,27.54,98.0,NO_WATER
10.8,32.56,60.82,WATER_NOW
11.63,21.83,46.76,WATER_SOON
46.65,33.06,97.08,WATER_SOON
54.71,33.35,98.0,NO_WATER
48.41,22.09,39.85,NO_WATER
44.79,37.3,84.3,WATER_SOON
75.62,32.78,73.72,NO_WATER
13.08,29.7,76.45,WATER_NOW
37.82,26.18,67.4,WATER_SOON
12.81,31.62,73.8,WATER_NOW
67.08,19.83,39.02,NO_WATER
88.38,29.26,64.46,NO_WATER
14.26,36.16,38.65,WATER_NOW
84.89,33.0,21.57,NO_WATER
70.72,27.77,65.06,NO_WATER
49.69,24.15,64.14,NO_WATER
7.88,32.8,90.5,WATER_NOW
94.07,26.97,76.94,NO_WATER
14.52,19.89,56.92,WATER_SOON
67.11,32.25,37.89,WATER_SOON
19.45,23.64,86.08,WATER_SOON
31.3,27.9,96.84,WATER_SOON
64.06,29.74,47.54,NO_WATER
74.35,31.78,79.44,NO_WATER
30.14,30.79,98.0,WATER_SOON
30.31,36.15,41.71,WATER_NOW
44.69,31.7,97.37,WATER_SOON
15.38,21.53,74.97,WATER_SOON
34.14,31.6,45.17,WATER_SOON
50.65,33.08,96.15,WATER_SOON
7.55,15.0,71.91,WATER_SOON
18.38,32.86,76.54,WATER_SOON
42.1,26.18,41.03,NO_WATER
7.09,32.96,66.81,WATER_NOW
5.45,24.69,65.28,WATER_NOW
15.66,27.66,76.87,WATER_SOON
77.39,24.79,66.6,NO_WATER
49.08,28.55,37.04,WATER_SOON
60.68,31.88,79.49,NO_WATER
93.09,31.17,57.43,NO_WATER
67.53,28.41,73.34,NO_WATER
26.75,26.73,49.03,WATER_SOON
29.33,33.58,78.74,WATER_SOON
48.33,26.46,32.6,WATER_SOON
68.08,36.06,72.72,NO_WATER
43.33,27.93,43.81,WATER_SOON
14.78,34.39,69.84,WATER_SOON
81.53,22.25,54.37,NO_WATER
23.02,30.0,44.71,WATER_NOW
59.18,21.4,65.67,NO_WATER
30.91,26.2,39.48,WATER_SOON
87.27,29.5,81.3,NO_WATER
37.0,35.55,60.68,WATER_SOON
55.6,20.98,74.92,NO_WATER
31.83,21.86,81.8,NO_WATER
47.75,34.79,69.99,WATER_SOON
18.21,31.98,74.76,WATER_NOW
63.86,35.26,35.3,WATER_SOON
57.11,26.65,58.53,NO_WATER
20.11,32.0,55.99,WATER_NOW
39.63,28.35,39.64,WATER_SOON
74.37,36.32,68.96,NO_WATER
9.55,27.41,70.92,WATER_NOW
83.27,29.29,45.21,NO_WATER
80.85,23.88,63.02,NO_WATER
83.87,25.65,72.41,NO_WATER
47.03,27.37,96.56,NO_WATER
94.73,31.14,59.8,NO_WATER
38.87,24.73,57.35,WATER_SOON
75.12,22.83,67.68,NO_WATER
74.32,24.75,69.27,NO_WATER
67.14,36.54,28.54,NO_WATER
82.44,32.54,62.39,NO_WATER
92.03,30.59,36.64,NO_WATER
55.41,29.99,57.15,NO_WATER
45.58,27.78,70.25,WATER_SOON
64.0,30.2,61.65,NO_WATER
91.01,22.14,60.8,NO_WATER
10.3,29.58,66.76,WATER_NOW
80.88,36.19,47.19,NO_WATER
26.19,31.7,74.37,WATER_SOON
71.38,30.22,69.48,NO_WATER
58.23,24.33,39.97,NO_WATER
54.73,38.37,42.02,WATER_SOON
33.53,16.84,59.22,NO_WATER
19.89,19.95,60.48,WATER_SOON
46.2,28.27,94.75,NO_WATER
45.53,41.24,58.22,WATER_SOON
79.2,22.7,52.51,NO_WATER
74.23,26.45,39.35,NO_WATER
78.33,25.05,58.81,NO_WATER
72.14,23.36,58.8,NO_WATER
30.22,26.57,75.47,WATER_SOON
39.58,28.33,61.38,WATER_SOON
33.29,23.43,85.66,WATER_SOON
19.13,28.14,85.5,WATER_SOON
19.88,20.19,91.53,WATER_SOON
60.95,29.42,26.9,NO_WATER
52.92,31.26,37.59,WATER_SOON
62.15,26.31,85.01,NO_WATER
49.22,26.42,56.69,NO_WATER
79.39,29.58,66.24,NO_WATER
50.27,34.62,58.93,WATER_SOON
26.21,34.3,63.43,WATER_NOW
17.17,37.66,70.95,WATER_NOW
80.27,24.21,77.18,NO_WATER
75.45,22.3,83.04,NO_WATER
39.89,34.65,76.38,WATER_SOON
23.86,27.96,67.02,WATER_SOON
33.94,21.1,67.42,WATER_SOON
24.24,24.1,39.07,WATER_SOON
94.27,33.16,94.63,NO_WATER
94.89,17.27,84.05,NO_WATER
26.12,28.64,58.18,WATER_SOON
76.93,25.53,45.89,NO_WATER
18.04,32.16,98.0,WATER_NOW
45.61,26.76,98.0,NO_WATER
36.63,27.34,71.08,NO_WATER
32.34,21.6,83.77,NO_WATER
20.77,31.32,67.2,WATER_NOW
41.36,27.76,68.36,WATER_SOON
78.11,24.52,86.25,NO_WATER
89.97,22.49,65.27,NO_WATER
24.5,23.7,77.49,WATER_SOON
53.14,35.96,88.47,WATER_SOON
87.36,24.69,45.06,NO_WATER
79.61,22.12,60.87,NO_WATER
18.94,29.27,65.86,WATER_NOW
5.91,28.18,44.26,WATER_NOW
72.88,27.2,49.63,NO_WATER
93.91,33.39,93.78,NO_WATER
13.98,34.83,90.15,WATER_NOW
72.02,34.33,72.38,NO_WATER
52.97,24.48,66.44,NO_WATER
22.17,26.92,63.12,WATER_SOON
84.37,35.9,53.71,NO_WATER
55.0,25.48,80.99,NO_WATER
87.53,20.71,69.93,NO_WATER
15.85,36.48,89.37,WATER_NOW
50.02,25.38,51.29,WATER_SOON
30.82,31.55,60.33,WATER_SOON
34.95,32.43,41.97,WATER_NOW
68.93,32.13,54.74,NO_WATER
36.22,21.65,70.09,NO_WATER
21.57,38.2,80.94,WATER_NOW
7.3,28.48,54.54,WATER_NOW
57.58,32.72,56.85,WATER_SOON
64.73,20.39,36.47,NO_WATER
79.4,23.48,62.97,NO_WATER
16.45,30.91,58.98,WATER_NOW
29.36,31.95,46.11,WATER_SOON
51.82,37.56,41.84,WATER_SOON
19.06,42.0,71.89,WATER_NOW
30.66,27.83,76.06,WATER_SOON
78.42,37.07,51.51,NO_WATER
81.48,29.08,89.18,NO_WATER
91.28,22.44,69.08,NO_WATER
72.82,26.73,90.36,NO_WATER
47.69,27.0,27.8,WATER_SOON
21.52,26.34,61.65,WATER_SOON
65.33,31.77,43.77,NO_WATER
71.08,19.17,61.98,NO_WATER
36.21,29.47,66.1,WATER_SOON
74.79,26.38,76.9,NO_WATER
83.2,27.74,60.36,NO_WATER
76.38,31.65,62.42,NO_WATER
14.87,33.49,86.67,WATER_NOW
50.84,28.68,91.17,NO_WATER
50.11,21.83,30.27,NO_WATER
86.23,28.62,72.38,NO_WATER
14.37,25.22,80.08,WATER_SOON
88.01,28.7,48.06,NO_WATER
60.2,34.83,20.64,WATER_SOON
65.67,31.13,82.47,NO_WATER
25.01,34.18,47.43,WATER_NOW
65.88,27.61,44.35,NO_WATER
20.57,23.27,72.92,WATER_SOON
48.34,25.06,51.5,NO_WATER
11.08,31.44,51.85,WATER_NOW
34.76,25.9,66.93,WATER_SOON
28.27,34.41,70.8,WATER_NOW
11.49,26.75,74.62,WATER_SOON
72.03,26.99,35.55,NO_WATER
51.15,38.23,69.25,WATER_SOON
23.38,34.66,20.0,WATER_NOW
25.16,28.47,77.24,WATER_SOON
86.27,24.16,81.36,NO_WATER
47.77,23.6,90.68,NO_WATER
93.85,35.54,69.6,NO_WATER
90.87,26.77,57.0,NO_WATER
78.85,21.59,72.67,NO_WATER
55.77,30.68,68.03,NO_WATER
81.83,33.74,61.13,NO_WATER
54.41,21.92,69.16,NO_WATER
40.36,38.82,59.7,WATER_SOON
65.13,29.66,52.99,NO_WATER
37.47,42.0,60.35,WATER_NOW
33.73,27.53,65.42,WATER_SOON
59.39,31.84,88.84,NO_WATER
50.88,34.8,63.92,WATER_SOON
19.51,29.22,72.04,WATER_SOON
17.41,31.74,71.63,WATER_SOON
14.16,26.94,67.28,WATER_NOW
15.04,25.95,62.06,WATER_NOW
66.9,30.17,49.91,NO_WATER
9.75,24.96,66.49,WATER_NOW
34.96,36.89,66.76,WATER_SOON
48.83,29.55,69.6,WATER_SOON
13.96,35.48,60.33,WATER_NOW
61.9,30.29,75.64,NO_WATER
89.56,38.63,82.32,NO_WATER
13.81,36.8,56.5,WATER_NOW
27.96,28.85,54.51,WATER_SOON
22.77,22.56,62.14,WATER_SOON
53.5,31.53,40.45,WATER_SOON
73.39,27.03,81.3,NO_WATER
78.99,34.36,59.17,NO_WATER
27.02,32.84,72.6,WATER_SOON
81.54,26.32,49.96,NO_WATER
32.3,29.5,78.5,WATER_SOON
86.96,36.43,50.26,NO_WATER
56.46,31.73,51.36,WATER_SOON
28.1,30.07,80.5,WATER_SOON
58.57,25.21,58.83,NO_WATER
62.4,31.5,46.67,NO_WATER
14.17,31.45,80.81,WATER_NOW
60.77,31.66,78.31,NO_WATER
90.54,30.19,56.83,NO_WATER
26.85,24.29,72.72,WATER_SOON
68.62,39.44,98.0,NO_WATER
45.89,29.06,71.28,WATER_SOON
86.65,28.64,90.62,NO_WATER
94.65,25.83,53.07,NO_WATER
52.0,31.7,83.13,WATER_SOON
79.99,26.27,69.36,NO_WATER
30.02,30.33,76.44,WATER_SOON
89.99,31.8,56.27,NO_WATER
93.05,30.65,70.06,NO_WATER
7.8,26.61,69.46,WATER_NOW
46.06,32.09,69.4,WATER_SOON
23.81,32.3,52.0,WATER_NOW
51.13,35.01,77.92,WATER_SOON
28.76,30.93,73.58,WATER_SOON
29.99,27.91,98.0,NO_WATER
43.47,25.86,25.35,WATER_SOON
27.94,31.63,78.97,WATER_SOON
77.58,19.68,69.61,NO_WATER
69.88,19.53,63.31,NO_WATER
50.52,20.26,72.24,NO_WATER
56.14,32.76,81.17,WATER_SOON
45.56,24.95,83.4,NO_WATER
79.93,23.56,66.06,NO_WATER
66.82,26.72,78.76,NO_WATER
30.51,32.42,41.96,WATER_NOW
29.95,26.16,59.85,WATER_SOON
76.37,30.78,83.92,NO_WATER
40.31,23.29,68.26,NO_WATER
21.54,32.75,48.77,WATER_NOW
74.65,28.77,66.21,NO_WATER
45.96,30.92,59.24,WATER_SOON
13.14,28.39,49.16,WATER_NOW
71.16,16.33,39.72,NO_WATER
14.97,22.27,53.14,WATER_SOON
6.63,23.57,61.42,WATER_NOW
73.71,33.76,57.02,NO_WATER
11.87,25.74,66.68,WATER_SOON
72.5,26.28,80.16,NO_WATER
20.91,27.03,62.4,WATER_SOON
74.91,18.22,98.0,NO_WATER
45.36,21.91,94.33,NO_WATER
72.24,33.81,87.03,NO_WATER
80.24,23.59,68.59,NO_WATER
77.62,19.81,49.69,NO_WATER
92.71,27.27,85.95,NO_WATER
85.76,20.08,69.4,NO_WATER
66.2,28.29,41.61,NO_WATER
48.19,31.91,63.62,WATER_SOON
92.29,34.04,65.64,NO_WATER
17.9,33.22,68.91,WATER_NOW
19.69,29.03,70.62,WATER_SOON
70.51,34.19,70.97,NO_WATER
48.32,21.93,93.32,NO_WATER
51.98,28.41,84.96,NO_WATER
40.97,25.21,86.42,NO_WATER
39.77,30.21,20.0,WATER_SOON
54.93,26.68,98.0,NO_WATER
22.17,24.96,60.3,WATER_SOON
40.28,27.22,81.7,WATER_SOON
68.6,31.01,64.83,NO_WATER
55.27,34.63,54.6,NO_WATER
69.45,29.41,87.06,NO_WATER
47.95,25.4,25.05,WATER_SOON
67.27,31.34,63.95,NO_WATER
27.52,36.85,56.55,WATER_NOW
37.75,22.22,56.18,WATER_SOON
50.47,31.36,60.65,NO_WATER
22.96,25.09,98.0,WATER_SOON
48.21,36.59,52.39,WATER_SOON
84.29,22.95,44.48,NO_WATER
70.68,27.79,58.24,NO_WATER
60.29,31.77,57.23,NO_WATER
9.11,22.93,74.9,WATER_SOON
45.83,34.76,54.25,WATER_SOON
32.33,30.54,73.41,WATER_SOON
42.59,27.5,77.57,NO_WATER
20.95,26.57,88.01,WATER_SOON
30.43,22.23,56.92,WATER_SOON
82.56,19.76,68.37,NO_WATER
59.78,27.33,63.63,NO_WATER
89.27,31.37,44.19,NO_WATER
54.77,27.48,37.21,WATER_SOON
84.11,24.81,30.72,NO_WATER
82.36,33.49,82.82,NO_WATER
63.81,23.98,97.58,NO_WATER
54.9,22.94,45.31,NO_WATER
25.39,32.37,52.67,WATER_NOW
42.07,30.1,58.27,WATER_SOON
87.66,35.34,75.4,NO_WATER
89.97,28.84,56.21,NO_WATER
16.39,35.6,74.79,WATER_NOW
87.26,31.1,41.29,NO_WATER
8.7,28.53,77.62,WATER_SOON
37.55,24.54,90.42,NO_WATER
29.29,32.07,60.75,WATER_SOON
15.83,22.95,90.61,WATER_SOON
44.09,26.75,68.23,NO_WATER
79.29,27.81,70.85,NO_WATER
29.35,31.31,80.99,WATER_SOON
85.54,21.99,56.64,NO_WATER
23.89,35.29,49.65,WATER_NOW
28.38,35.17,62.82,WATER_NOW
55.45,29.75,55.25,WATER_SOON
37.45,38.02,69.42,WATER_SOON
35.93,25.79,84.72,WATER_SOON
49.69,25.59,57.96,NO_WATER
52.47,27.02,71.09,NO_WATER
77.02,23.61,70.71,NO_WATER
69.05,20.58,50.78,NO_WATER
31.92,28.03,61.09,WATER_SOON
49.89,35.2,96.16,WATER_SOON
89.3,27.17,81.79,NO_WATER
73.22,22.57,48.12,NO_WATER
40.36,27.7,45.5,WATER_SOON
21.55,34.46,48.57,WATER_NOW
14.32,27.57,54.48,WATER_NOW
68.34,22.5,72.96,NO_WATER
93.31,32.83,56.7,NO_WATER
31.66,28.12,60.78,WATER_SOON
49.4,32.2,72.89,WATER_SOON
14.69,36.56,84.59,WATER_NOW
45.39,29.92,85.02,WATER_SOON
38.88,26.14,54.94,WATER_SOON
10.0,25.7,48.29,WATER_NOW
41.9,31.47,64.5,WATER_SOON
87.14,30.8,61.19,NO_WATER
87.57,26.7,63.56,NO_WATER
47.55,22.94,44.32,WATER_SOON
59.94,26.96,78.14,NO_WATER
17.95,26.99,41.07,WATER_NOW
38.45,22.06,42.25,NO_WATER
73.27,26.23,32.84,NO_WATER
5.15,32.21,75.0,WATER_NOW
86.98,35.22,84.99,NO_WATER
5.39,29.01,30.15,WATER_NOW
84.05,32.22,48.09,NO_WATER
59.97,22.84,46.96,NO_WATER
61.46,36.49,92.36,NO_WATER
37.77,31.53,30.38,WATER_SOON
86.57,34.97,64.91,NO_WATER
38.57,35.08,41.07,WATER_SOON
83.97,26.07,71.37,NO_WATER
14.84,33.34,58.56,WATER_NOW
18.62,27.21,83.58,WATER_SOON
72.02,29.13,66.2,NO_WATER
8.01,33.15,70.1,WATER_NOW
72.58,22.54,74.14,NO_WATER
40.52,26.03,96.27,NO_WATER
62.18,15.0,48.3,NO_WATER
40.65,32.15,74.61,WATER_SOON
13.89,30.4,58.33,WATER_NOW
13.48,27.56,83.58,WATER_NOW
13.78,31.57,83.22,WATER_NOW
22.14,25.72,89.71,WATER_SOON
80.66,28.96,62.1,NO_WATER
41.19,22.66,56.0,NO_WATER
9.22,36.16,47.4,WATER_NOW
59.35,20.13,79.71,NO_WATER
27.58,22.82,60.46,WATER_SOON
12.37,36.04,55.37,WATER_NOW
74.32,28.89,71.32,NO_WATER
49.21,21.73,68.57,NO_WATER
67.65,31.35,90.16,NO_WATER
81.68,33.5,69.36,NO_WATER
61.76,37.42,43.57,WATER_SOON
27.95,26.64,62.66,WATER_SOON
7.81,20.55,70.29,WATER_SOON
87.13,23.27,49.53,NO_WATER
81.65,33.59,46.77,NO_WATER
72.87,30.08,47.61,NO_WATER
30.8,20.42,70.48,WATER_SOON
27.06,36.71,58.37,WATER_NOW
79.08,27.69,57.64,NO_WATER
7.7,23.31,77.44,WATER_SOON
52.95,30.06,58.47,NO_WATER
37.18,28.54,71.09,WATER_SOON
68.49,27.32,33.71,NO_WATER
37.99,31.26,58.52,WATER_SOON
29.11,25.64,80.91,NO_WATER
32.78,24.76,67.01,WATER_SOON
61.41,32.48,86.36,NO_WATER
18.82,31.11,37.66,WATER_NOW
15.77,36.43,86.32,WATER_NOW
53.38,16.83,88.96,NO_WATER
50.59,31.16,83.98,WATER_SOON
56.3,27.49,47.31,NO_WATER
19.74,32.61,66.62,WATER_NOW
34.59,26.95,86.71,WATER_SOON
87.37,31.9,58.42,NO_WATER
16.21,16.93,88.06,WATER_SOON
8.62,35.85,98.0,WATER_NOW
93.62,25.07,71.39,NO_WATER
90.81,38.19,62.89,NO_WATER
68.71,32.36,53.86,NO_WATER
38.96,32.85,68.22,WATER_SOON
14.77,34.13,71.57,WATER_NOW
72.58,36.31,79.92,NO_WATER
50.26,32.79,54.35,WATER_SOON
88.81,25.57,77.8,NO_WATER
64.0,28.9,73.33,NO_WATER
53.88,36.67,83.15,WATER_SOON
35.93,20.21,43.6,NO_WATER
35.07,28.13,50.78,WATER_SOON
20.93,30.12,68.82,WATER_NOW
78.68,22.78,82.77,NO_WATER
53.56,29.99,61.8,NO_WATER
73.44,26.99,66.8,NO_WATER
88.71,25.1,53.77,NO_WATER
18.01,26.52,59.58,WATER_NOW
71.64,28.68,78.33,NO_WATER
81.39,33.38,60.75,NO_WATER
36.05,27.57,69.4,WATER_SOON
78.76,26.93,57.89,NO_WATER
93.97,32.71,68.16,NO_WATER
90.4,23.22,73.49,NO_WATER
89.31,23.01,98.0,NO_WATER
65.5,24.55,67.25,NO_WATER
89.36,33.23,60.11,NO_WATER
31.94,20.3,80.38,NO_WATER
31.89,34.18,74.11,WATER_SOON
83.01,41.97,78.21,NO_WATER
41.43,29.6,74.25,WATER_SOON
17.11,26.61,55.54,WATER_NOW
82.47,31.64,59.09,NO_WATER
8.38,19.8,74.35,WATER_SOON
90.76,28.0,46.79,NO_WATER
40.65,29.62,51.63,WATER_SOON
90.5,35.0,92.51,NO_WATER
41.01,33.07,53.65,WATER_SOON
87.1,29.92,85.65,NO_WATER
57.89,23.57,58.36,NO_WATER
9.97,28.31,94.28,WATER_SOON
54.91,35.41,59.21,WATER_SOON
19.6,18.23,66.0,WATER_SOON
64.93,34.37,20.0,WATER_SOON
47.64,32.34,93.15,WATER_SOON
88.17,22.77,69.76,NO_WATER
85.76,27.01,34.83,NO_WATER
21.37,25.55,56.1,WATER_SOON
86.72,29.04,89.85,NO_WATER
52.85,29.08,63.77,NO_WATER
52.68,23.97,62.93,NO_WATER
29.18,26.11,45.31,WATER_SOON
88.23,32.56,58.01,NO_WATER
49.59,21.88,60.68,NO_WATER
39.5,30.43,70.69,WATER_SOON
80.92,28.76,68.24,NO_WATER
34.59,24.4,25.14,WATER_SOON
71.29,29.81,57.21,NO_WATER
34.39,29.2,78.05,WATER_SOON
66.12,26.94,63.18,NO_WATER
64.45,29.57,55.91,NO_WATER
89.6,26.3,69.57,NO_WATER
73.01,22.18,44.1,NO_WATER
46.4,31.7,36.09,WATER_SOON
49.32,21.28,67.04,NO_WATER
72.13,28.23,96.54,NO_WATER
70.15,31.12,70.06,NO_WATER
65.9,35.14,98.0,NO_WATER
72.66,31.6,70.68,NO_WATER
53.35,34.41,93.98,NO_WATER
48.06,28.55,50.1,WATER_SOON
47.01,28.92,76.82,NO_WATER
31.36,20.77,56.84,WATER_SOON
24.31,26.92,61.06,WATER_NOW
22.56,27.81,84.29,WATER_SOON
14.7,28.27,78.38,WATER_NOW
67.57,29.64,39.2,NO_WATER
74.96,29.67,55.08,NO_WATER
34.23,32.54,58.07,WATER_SOON
19.78,27.68,63.71,WATER_SOON
8.26,28.89,71.85,WATER_NOW
12.04,31.64,65.31,WATER_NOW
38.48,31.92,52.85,WATER_SOON
83.55,27.83,73.82,NO_WATER
92.28,28.5,91.32,NO_WATER
15.68,35.38,88.33,WATER_NOW
15.62,26.95,54.26,WATER_NOW
54.45,32.34,83.88,NO_WATER
28.61,31.12,47.61,WATER_SOON
20.64,28.07,84.7,WATER_SOON
27.31,36.26,51.1,WATER_NOW
88.06,29.8,72.9,NO_WATER
14.21,25.0,80.44,WATER_SOON
56.17,19.93,60.95,NO_WATER
5.09,34.39,85.03,WATER_NOW
86.68,33.85,54.52,NO_WATER
73.41,27.92,47.8,NO_WATER
60.12,32.39,47.66,NO_WATER
43.08,31.82,68.32,WATER_SOON
21.97,26.61,29.54,WATER_SOON
7.42,31.34,68.51,WATER_NOW
74.35,24.99,80.53,NO_WATER
53.05,36.39,65.72,WATER_SOON
51.98,23.44,63.28,NO_WATER
72.44,22.03,70.17,NO_WATER
93.79,36.14,29.06,NO_WATER
93.02,31.92,79.44,NO_WATER
14.09,32.98,58.09,WATER_NOW
27.61,26.3,79.46,WATER_SOON
21.8,30.61,60.93,WATER_NOW
70.31,26.32,98.0,NO_WATER
43.82,29.51,54.74,WATER_SOON
5.55,23.41,61.72,WATER_NOW
35.27,27.69,82.78,WATER_SOON
46.86,31.11,98.0,WATER_SOON
20.88,33.67,98.0,WATER_NOW
28.77,31.65,75.85,WATER_SOON
46.85,26.2,60.97,NO_WATER
32.93,27.57,60.06,WATER_SOON
29.8,31.62,65.76,WATER_SOON
44.69,29.6,49.76,WATER_SOON
68.33,31.85,20.43,WATER_SOON
80.57,31.31,78.18,NO_WATER
17.16,26.29,83.35,WATER_SOON
66.36,31.22,62.16,NO_WATER
8.85,30.36,49.94,WATER_NOW
73.6,23.32,72.69,NO_WATER
60.24,33.98,98.0,NO_WATER
63.85,21.48,48.42,NO_WATER
56.52,30.92,43.66,WATER_SOON
89.7,26.95,98.0,NO_WATER
82.99,28.93,57.77,NO_WATER
18.43,21.52,45.74,WATER_SOON
34.75,27.64,25.49,WATER_SOON
34.84,28.06,53.63,WATER_SOON
42.91,29.86,45.13,WATER_SOON
28.21,21.51,55.13,WATER_SOON
35.97,34.31,71.94,WATER_SOON
83.59,34.63,92.39,NO_WATER
40.72,32.76,93.88,WATER_SOON
86.88,23.46,46.28,NO_WATER
42.78,35.92,50.17,WATER_SOON
14.92,25.4,61.9,WATER_SOON
60.4,29.54,98.0,NO_WATER
77.13,28.12,48.91,NO_WATER
62.75,23.89,89.95,NO_WATER
70.92,32.56,56.61,NO_WATER
41.15,35.53,37.47,WATER_NOW
62.96,28.2,74.57,NO_WATER
83.71,34.51,60.19,NO_WATER
23.69,30.75,63.94,WATER_SOON
22.83,30.0,60.9,WATER_SOON
57.38,27.21,54.79,NO_WATER
21.95,26.33,80.44,WATER_SOON
48.1,34.14,98.0,NO_WATER
92.83,21.24,63.05,NO_WATER
77.36,15.0,82.98,NO_WATER
50.07,37.21,48.17,WATER_SOON
91.32,27.7,62.02,NO_WATER
61.68,29.32,49.0,NO_WATER
72.69,26.55,58.82,NO_WATER
28.19,22.49,67.04,NO_WATER
51.26,25.3,90.71,NO_WATER
42.11,31.77,98.0,NO_WATER
80.35,25.29,62.06,NO_WATER
78.97,28.84,92.89,NO_WATER
49.39,29.33,76.92,WATER_SOON
54.74,29.38,29.1,WATER_SOON
24.09,26.81,48.83,WATER_NOW
6.37,32.68,54.56,WATER_NOW
9.46,32.01,48.0,WATER_NOW
60.96,20.18,57.54,NO_WATER
45.34,32.73,70.43,WATER_SOON
63.81,28.96,57.34,NO_WATER
26.58,27.47,52.7,WATER_SOON
13.83,31.31,63.03,WATER_NOW
31.95,26.92,65.17,WATER_SOON
41.3,26.43,79.0,NO_WATER
86.21,17.02,26.28,NO_WATER
76.28,22.61,63.98,NO_WATER
64.29,29.67,65.34,NO_WATER
19.01,35.75,98.0,WATER_NOW
44.64,29.61,54.46,WATER_SOON
73.05,23.21,56.11,NO_WATER
41.53,26.3,58.04,WATER_SOON
27.38,33.68,69.3,WATER_SOON
69.68,24.61,46.98,NO_WATER
15.49,28.11,45.18,WATER_NOW
34.03,42.0,79.31,WATER_SOON
50.97,32.66,52.5,WATER_SOON
35.3,28.23,43.92,WATER_SOON
81.11,23.49,70.78,NO_WATER
12.63,34.5,62.92,WATER_NOW
63.99,35.27,59.41,NO_WATER
63.58,21.33,51.89,NO_WATER
32.86,22.36,46.18,WATER_SOON
18.56,35.86,20.0,WATER_NOW
11.44,33.87,81.2,WATER_NOW
35.88,25.96,56.01,WATER_SOON
16.53,28.36,56.89,WATER_NOW
47.86,35.26,72.5,WATER_SOON
43.84,27.95,48.16,WATER_SOON
29.86,31.0,54.41,WATER_SOON
50.09,39.14,77.79,WATER_SOON
86.47,30.42,58.33,NO_WATER
58.77,22.16,63.15,NO_WATER
91.79,22.91,59.71,NO_WATER
83.74,23.26,28.17,NO_WATER
33.81,37.89,38.23,WATER_NOW
28.03,37.3,55.89,WATER_NOW
57.62,35.07,52.36,WATER_SOON
59.12,26.37,88.59,NO_WATER
29.61,28.46,74.3,WATER_SOON
23.98,36.45,22.43,WATER_NOW
5.53,25.83,70.24,WATER_NOW
5.84,30.13,72.49,WATER_NOW
78.45,29.05,55.6,NO_WATER
65.52,23.16,55.2,NO_WATER
39.27,28.92,77.26,WATER_SOON
48.5,30.57,71.65,WATER_SOON
30.25,22.76,73.33,WATER_SOON
93.83,23.82,66.15,NO_WATER
58.8,33.47,71.41,NO_WATER
20.79,28.74,46.6,WATER_NOW
85.36,24.88,80.06,NO_WATER
43.02,27.25,74.82,WATER_SOON
10.12,26.13,68.78,WATER_SOON
31.27,28.69,54.55,WATER_SOON
69.07,34.58,30.71,WATER_SOON
70.83,28.22,84.46,NO_WATER
68.13,21.89,20.0,NO_WATER
35.63,39.56,69.09,WATER_NOW
87.72,24.86,50.27,NO_WATER
83.9,24.13,67.61,NO_WATER
92.51,35.87,86.69,NO_WATER
70.13,28.95,64.83,NO_WATER
59.13,18.62,86.35,NO_WATER
62.38,36.43,68.06,WATER_SOON
80.23,29.15,61.87,NO_WATER
56.29,17.41,98.0,NO_WATER
62.38,35.43,86.58,NO_WATER
83.71,37.21,72.6,NO_WATER
16.86,23.23,54.71,WATER_SOON
30.95,25.04,44.14,WATER_SOON
71.92,27.34,38.17,NO_WATER
14.65,27.88,43.57,WATER_NOW
87.9,26.38,67.7,NO_WATER
71.47,23.74,67.07,NO_WATER
66.43,31.97,58.88,NO_WATER
90.38,27.47,66.8,NO_WATER
39.61,35.92,63.18,WATER_SOON
54.43,24.56,61.73,NO_WATER
41.66,36.22,54.53,WATER_NOW
9.4,30.13,70.4,WATER_NOW
31.89,27.99,40.49,WATER_SOON
16.34,26.91,55.8,WATER_SOON
24.75,27.16,54.59,WATER_SOON
73.03,28.1,63.4,NO_WATER
61.23,31.4,62.73,NO_WATER
34.83,31.29,92.86,WATER_SOON
62.69,27.32,38.73,NO_WATER
54.9,21.68,85.05,NO_WATER
74.97,29.78,86.4,NO_WATER
20.29,30.82,63.78,WATER_SOON
82.43,31.85,78.91,NO_WATER
50.35,32.74,71.86,WATER_SOON
49.61,25.46,59.94,NO_WATER
15.28,30.37,78.18,WATER_NOW
74.47,29.21,66.21,NO_WATER
15.97,26.14,71.33,WATER_SOON
59.5,33.56,36.15,WATER_SOON
43.4,24.5,54.43,WATER_SOON
62.41,27.19,43.24,NO_WATER
19.93,33.58,98.0,WATER_SOON
39.01,32.11,81.77,WATER_SOON
14.26,33.4,62.66,WATER_NOW
71.59,32.51,75.01,NO_WATER
63.95,29.4,79.61,NO_WATER
62.12,28.48,62.47,NO_WATER
92.7,20.82,98.0,NO_WATER
50.37,27.24,63.92,NO_WATER
56.96,39.66,98.0,WATER_SOON
63.72,36.78,56.68,NO_WATER
70.67,28.83,89.55,NO_WATER
30.08,34.78,72.74,WATER_SOON
34.12,27.27,69.91,WATER_SOON
67.55,32.25,82.35,NO_WATER
54.01,28.04,80.75,NO_WATER
59.79,22.16,36.81,NO_WATER
70.31,29.68,37.87,NO_WATER
66.03,29.01,94.37,NO_WATER
33.9,26.21,73.59,WATER_SOON
42.38,28.8,81.24,WATER_SOON
66.49,34.97,60.7,WATER_SOON
19.18,26.67,30.61,WATER_NOW
46.9,28.83,68.75,WATER_SOON
44.42,37.24,57.03,WATER_SOON
39.04,25.23,41.42,WATER_SOON
58.04,33.47,72.51,WATER_SOON
87.44,32.07,84.2,NO_WATER
86.34,23.53,59.79,NO_WATER
80.84,30.2,69.5,NO_WATER
65.47,26.69,67.91,NO_WATER
59.73,30.31,77.11,NO_WATER
44.81,25.36,86.35,NO_WATER
74.56,20.83,81.29,NO_WATER
76.06,26.43,87.26,NO_WATER
72.47,27.11,65.93,NO_WATER
70.12,34.27,61.49,NO_WATER
59.75,21.66,83.39,NO_WATER
89.49,35.24,72.79,NO_WATER
92.36,23.82,70.48,NO_WATER
36.85,36.41,93.17,WATER_SOON
47.26,31.88,55.97,WATER_SOON
55.86,23.79,53.69,NO_WATER
81.8,29.99,60.98,NO_WATER
7.25,34.12,60.62,WATER_NOW
48.77,22.85,56.19,NO_WATER
84.25,31.69,90.65,NO_WATER
8.61,29.57,53.65,WATER_NOW
49.36,30.03,86.94,NO_WATER
93.27,22.45,56.57,NO_WATER
75.88,26.39,34.47,NO_WATER
76.71,37.71,68.03,NO_WATER
28.92,20.63,90.39,WATER_SOON
84.77,26.9,98.0,NO_WATER
47.98,27.62,70.33,NO_WATER
91.13,27.67,35.14,NO_WATER
46.73,30.98,72.83,WATER_SOON
14.75,19.88,68.75,WATER_SOON
5.41,25.76,60.19,WATER_NOW
17.82,32.62,38.53,WATER_NOW
49.85,32.55,59.28,WATER_SOON
87.5,25.67,79.1,NO_WATER
18.27,22.82,62.26,WATER_SOON
93.08,26.31,64.69,NO_WATER
9.94,24.23,77.2,WATER_NOW
56.69,29.76,98.0,NO_WATER
74.7,33.47,97.11,NO_WATER
29.48,29.11,94.35,WATER_SOON
28.62,27.0,66.94,WATER_SOON
11.67,33.63,94.28,WATER_NOW
59.73,26.4,65.06,NO_WATER
21.8,24.25,55.47,WATER_SOON
54.23,16.32,66.91,NO_WATER
46.73,30.44,84.03,NO_WATER
88.15,29.68,53.11,NO_WATER
30.03,30.9,69.45,WATER_SOON
39.12,31.17,81.81,WATER_SOON
43.62,26.31,59.92,NO_WATER
82.87,23.8,63.24,NO_WATER
66.67,28.2,81.06,NO_WATER
72.15,27.37,59.76,NO_WATER
20.78,31.86,91.87,WATER_SOON
42.95,31.84,65.24,WATER_SOON
27.58,33.1,54.37,WATER_SOON
34.02,24.63,50.65,WATER_SOON
68.98,28.16,65.59,NO_WATER
73.05,35.56,44.8,NO_WATER
60.81,27.21,98.0,NO_WATER
26.45,27.87,57.63,WATER_NOW
20.35,30.22,79.21,WATER_SOON
68.8,31.19,48.32,NO_WATER
65.48,34.89,53.89,WATER_SOON
84.11,28.35,47.7,NO_WATER
81.56,31.36,59.52,NO_WATER
21.81,27.45,63.75,WATER_SOON
37.2,28.76,95.68,NO_WATER
63.43,34.08,69.53,NO_WATER
19.03,22.95,51.23,WATER_SOON
81.52,31.55,79.56,NO_WATER
66.26,31.65,58.41,NO_WATER
66.34,34.62,98.0,NO_WATER
17.39,35.11,52.78,WATER_NOW
55.57,31.66,45.56,NO_WATER
71.75,26.07,95.98,NO_WATER
